participant_id,condition,scale_name,item_index,item_text,response,timestamp
P-94DD6B17,control,trust_in_automation,0,The AI assistant was reliable.,3,2026-03-22T05:31:00
P-94DD6B17,control,trust_in_automation,1,I could trust the AI assistant's recommendations.,3,2026-03-22T05:31:00
P-94DD6B17,control,trust_in_automation,2,I felt confident in the AI assistant's judgments.,4,2026-03-22T05:31:00
P-94DD6B17,control,trust_in_automation,3,The AI assistant was competent at the task.,2,2026-03-22T05:31:00
P-94DD6B17,control,trust_in_automation,4,I could depend on the AI assistant.,3,2026-03-22T05:31:00
P-94DD6B17,control,trust_in_automation,5,The AI assistant was predictable.,2,2026-03-22T05:31:00
P-94DD6B17,control,trust_in_automation,6,I was suspicious of the AI assistant's recommendations.,2,2026-03-22T05:31:00
P-97DEE2B3,control,trust_in_automation,0,The AI assistant was reliable.,2,2026-03-16T06:18:00
P-97DEE2B3,control,trust_in_automation,1,I could trust the AI assistant's recommendations.,2,2026-03-16T06:18:00
P-97DEE2B3,control,trust_in_automation,2,I felt confident in the AI assistant's judgments.,3,2026-03-16T06:18:00
P-97DEE2B3,control,trust_in_automation,3,The AI assistant was competent at the task.,3,2026-03-16T06:18:00
P-97DEE2B3,control,trust_in_automation,4,I could depend on the AI assistant.,3,2026-03-16T06:18:00
P-97DEE2B3,control,trust_in_automation,5,The AI assistant was predictable.,3,2026-03-16T06:18:00
P-97DEE2B3,control,trust_in_automation,6,I was suspicious of the AI assistant's recommendations.,3,2026-03-16T06:18:00
P-E96919DA,control,trust_in_automation,0,The AI assistant was reliable.,3,2026-03-20T03:14:00
P-E96919DA,control,trust_in_automation,1,I could trust the AI assistant's recommendations.,2,2026-03-20T03:14:00
P-E96919DA,control,trust_in_automation,2,I felt confident in the AI assistant's judgments.,3,2026-03-20T03:14:00
P-E96919DA,control,trust_in_automation,3,The AI assistant was competent at the task.,4,2026-03-20T03:14:00
P-E96919DA,control,trust_in_automation,4,I could depend on the AI assistant.,2,2026-03-20T03:14:00
P-E96919DA,control,trust_in_automation,5,The AI assistant was predictable.,2,2026-03-20T03:14:00
P-E96919DA,control,trust_in_automation,6,I was suspicious of the AI assistant's recommendations.,4,2026-03-20T03:14:00
P-DFEAB985,control,trust_in_automation,0,The AI assistant was reliable.,3,2026-03-20T20:52:00
P-DFEAB985,control,trust_in_automation,1,I could trust the AI assistant's recommendations.,2,2026-03-20T20:52:00
P-DFEAB985,control,trust_in_automation,2,I felt confident in the AI assistant's judgments.,3,2026-03-20T20:52:00
P-DFEAB985,control,trust_in_automation,3,The AI assistant was competent at the task.,2,2026-03-20T20:52:00
P-DFEAB985,control,trust_in_automation,4,I could depend on the AI assistant.,4,2026-03-20T20:52:00
P-DFEAB985,control,trust_in_automation,5,The AI assistant was predictable.,4,2026-03-20T20:52:00
P-DFEAB985,control,trust_in_automation,6,I was suspicious of the AI assistant's recommendations.,4,2026-03-20T20:52:00
P-DCEFEE05,control,trust_in_automation,0,The AI assistant was reliable.,3,2026-03-23T18:16:00
P-DCEFEE05,control,trust_in_automation,1,I could trust the AI assistant's recommendations.,2,2026-03-23T18:16:00
P-DCEFEE05,control,trust_in_automation,2,I felt confident in the AI assistant's judgments.,2,2026-03-23T18:16:00
P-DCEFEE05,control,trust_in_automation,3,The AI assistant was competent at the task.,2,2026-03-23T18:16:00
P-DCEFEE05,control,trust_in_automation,4,I could depend on the AI assistant.,2,2026-03-23T18:16:00
P-DCEFEE05,control,trust_in_automation,5,The AI assistant was predictable.,3,2026-03-23T18:16:00
P-DCEFEE05,control,trust_in_automation,6,I was suspicious of the AI assistant's recommendations.,3,2026-03-23T18:16:00
P-994939F9,control,trust_in_automation,0,The AI assistant was reliable.,2,2026-03-23T13:37:00
P-994939F9,control,trust_in_automation,1,I could trust the AI assistant's recommendations.,3,2026-03-23T13:37:00
P-994939F9,control,trust_in_automation,2,I felt confident in the AI assistant's judgments.,3,2026-03-23T13:37:00
P-994939F9,control,trust_in_automation,3,The AI assistant was competent at the task.,2,2026-03-23T13:37:00
P-994939F9,control,trust_in_automation,4,I could depend on the AI assistant.,1,2026-03-23T13:37:00
P-994939F9,control,trust_in_automation,5,The AI assistant was predictable.,2,2026-03-23T13:37:00
P-994939F9,control,trust_in_automation,6,I was suspicious of the AI assistant's recommendations.,4,2026-03-23T13:37:00
P-51E9B5F9,control,trust_in_automation,0,The AI assistant was reliable.,3,2026-03-24T15:26:00
P-51E9B5F9,control,trust_in_automation,1,I could trust the AI assistant's recommendations.,2,2026-03-24T15:26:00
P-51E9B5F9,control,trust_in_automation,2,I felt confident in the AI assistant's judgments.,2,2026-03-24T15:26:00
P-51E9B5F9,control,trust_in_automation,3,The AI assistant was competent at the task.,3,2026-03-24T15:26:00
P-51E9B5F9,control,trust_in_automation,4,I could depend on the AI assistant.,3,2026-03-24T15:26:00
P-51E9B5F9,control,trust_in_automation,5,The AI assistant was predictable.,1,2026-03-24T15:26:00
P-51E9B5F9,control,trust_in_automation,6,I was suspicious of the AI assistant's recommendations.,4,2026-03-24T15:26:00
P-F8AAE1BD,control,trust_in_automation,0,The AI assistant was reliable.,3,2026-03-18T08:09:00
P-F8AAE1BD,control,trust_in_automation,1,I could trust the AI assistant's recommendations.,3,2026-03-18T08:09:00
P-F8AAE1BD,control,trust_in_automation,2,I felt confident in the AI assistant's judgments.,2,2026-03-18T08:09:00
P-F8AAE1BD,control,trust_in_automation,3,The AI assistant was competent at the task.,2,2026-03-18T08:09:00
P-F8AAE1BD,control,trust_in_automation,4,I could depend on the AI assistant.,2,2026-03-18T08:09:00
P-F8AAE1BD,control,trust_in_automation,5,The AI assistant was predictable.,2,2026-03-18T08:09:00
P-F8AAE1BD,control,trust_in_automation,6,I was suspicious of the AI assistant's recommendations.,3,2026-03-18T08:09:00
P-73DBF156,control,trust_in_automation,0,The AI assistant was reliable.,3,2026-03-23T22:02:00
P-73DBF156,control,trust_in_automation,1,I could trust the AI assistant's recommendations.,3,2026-03-23T22:02:00
P-73DBF156,control,trust_in_automation,2,I felt confident in the AI assistant's judgments.,3,2026-03-23T22:02:00
P-73DBF156,control,trust_in_automation,3,The AI assistant was competent at the task.,2,2026-03-23T22:02:00
P-73DBF156,control,trust_in_automation,4,I could depend on the AI assistant.,4,2026-03-23T22:02:00
P-73DBF156,control,trust_in_automation,5,The AI assistant was predictable.,1,2026-03-23T22:02:00
P-73DBF156,control,trust_in_automation,6,I was suspicious of the AI assistant's recommendations.,2,2026-03-23T22:02:00
P-9EDF1A0E,control,trust_in_automation,0,The AI assistant was reliable.,2,2026-03-18T00:39:00
P-9EDF1A0E,control,trust_in_automation,1,I could trust the AI assistant's recommendations.,4,2026-03-18T00:39:00
P-9EDF1A0E,control,trust_in_automation,2,I felt confident in the AI assistant's judgments.,2,2026-03-18T00:39:00
P-9EDF1A0E,control,trust_in_automation,3,The AI assistant was competent at the task.,3,2026-03-18T00:39:00
P-9EDF1A0E,control,trust_in_automation,4,I could depend on the AI assistant.,1,2026-03-18T00:39:00
P-9EDF1A0E,control,trust_in_automation,5,The AI assistant was predictable.,3,2026-03-18T00:39:00
P-9EDF1A0E,control,trust_in_automation,6,I was suspicious of the AI assistant's recommendations.,3,2026-03-18T00:39:00
P-6D93D9A2,control,trust_in_automation,0,The AI assistant was reliable.,2,2026-03-24T02:07:00
P-6D93D9A2,control,trust_in_automation,1,I could trust the AI assistant's recommendations.,3,2026-03-24T02:07:00
P-6D93D9A2,control,trust_in_automation,2,I felt confident in the AI assistant's judgments.,1,2026-03-24T02:07:00
P-6D93D9A2,control,trust_in_automation,3,The AI assistant was competent at the task.,3,2026-03-24T02:07:00
P-6D93D9A2,control,trust_in_automation,4,I could depend on the AI assistant.,2,2026-03-24T02:07:00
P-6D93D9A2,control,trust_in_automation,5,The AI assistant was predictable.,3,2026-03-24T02:07:00
P-6D93D9A2,control,trust_in_automation,6,I was suspicious of the AI assistant's recommendations.,4,2026-03-24T02:07:00
P-FADEFD33,control,trust_in_automation,0,The AI assistant was reliable.,5,2026-03-23T22:54:00
P-FADEFD33,control,trust_in_automation,1,I could trust the AI assistant's recommendations.,2,2026-03-23T22:54:00
P-FADEFD33,control,trust_in_automation,2,I felt confident in the AI assistant's judgments.,2,2026-03-23T22:54:00
P-FADEFD33,control,trust_in_automation,3,The AI assistant was competent at the task.,2,2026-03-23T22:54:00
P-FADEFD33,control,trust_in_automation,4,I could depend on the AI assistant.,2,2026-03-23T22:54:00
P-FADEFD33,control,trust_in_automation,5,The AI assistant was predictable.,1,2026-03-23T22:54:00
P-FADEFD33,control,trust_in_automation,6,I was suspicious of the AI assistant's recommendations.,5,2026-03-23T22:54:00
P-A4B173F2,control,trust_in_automation,0,The AI assistant was reliable.,3,2026-03-19T01:17:00
P-A4B173F2,control,trust_in_automation,1,I could trust the AI assistant's recommendations.,2,2026-03-19T01:17:00
P-A4B173F2,control,trust_in_automation,2,I felt confident in the AI assistant's judgments.,3,2026-03-19T01:17:00
P-A4B173F2,control,trust_in_automation,3,The AI assistant was competent at the task.,4,2026-03-19T01:17:00
P-A4B173F2,control,trust_in_automation,4,I could depend on the AI assistant.,2,2026-03-19T01:17:00
P-A4B173F2,control,trust_in_automation,5,The AI assistant was predictable.,2,2026-03-19T01:17:00
P-A4B173F2,control,trust_in_automation,6,I was suspicious of the AI assistant's recommendations.,3,2026-03-19T01:17:00
P-0637F846,control,trust_in_automation,0,The AI assistant was reliable.,3,2026-03-15T18:53:00
P-0637F846,control,trust_in_automation,1,I could trust the AI assistant's recommendations.,2,2026-03-15T18:53:00
P-0637F846,control,trust_in_automation,2,I felt confident in the AI assistant's judgments.,3,2026-03-15T18:53:00
P-0637F846,control,trust_in_automation,3,The AI assistant was competent at the task.,3,2026-03-15T18:53:00
P-0637F846,control,trust_in_automation,4,I could depend on the AI assistant.,3,2026-03-15T18:53:00
P-0637F846,control,trust_in_automation,5,The AI assistant was predictable.,2,2026-03-15T18:53:00
P-0637F846,control,trust_in_automation,6,I was suspicious of the AI assistant's recommendations.,4,2026-03-15T18:53:00
P-C26BD0D4,control,trust_in_automation,0,The AI assistant was reliable.,5,2026-03-18T04:56:00
P-C26BD0D4,control,trust_in_automation,1,I could trust the AI assistant's recommendations.,3,2026-03-18T04:56:00
P-C26BD0D4,control,trust_in_automation,2,I felt confident in the AI assistant's judgments.,4,2026-03-18T04:56:00
P-C26BD0D4,control,trust_in_automation,3,The AI assistant was competent at the task.,1,2026-03-18T04:56:00
P-C26BD0D4,control,trust_in_automation,4,I could depend on the AI assistant.,2,2026-03-18T04:56:00
P-C26BD0D4,control,trust_in_automation,5,The AI assistant was predictable.,2,2026-03-18T04:56:00
P-C26BD0D4,control,trust_in_automation,6,I was suspicious of the AI assistant's recommendations.,5,2026-03-18T04:56:00
P-7EC8DF17,control,trust_in_automation,0,The AI assistant was reliable.,3,2026-03-22T07:02:00
P-7EC8DF17,control,trust_in_automation,1,I could trust the AI assistant's recommendations.,3,2026-03-22T07:02:00
P-7EC8DF17,control,trust_in_automation,2,I felt confident in the AI assistant's judgments.,2,2026-03-22T07:02:00
P-7EC8DF17,control,trust_in_automation,3,The AI assistant was competent at the task.,4,2026-03-22T07:02:00
P-7EC8DF17,control,trust_in_automation,4,I could depend on the AI assistant.,2,2026-03-22T07:02:00
P-7EC8DF17,control,trust_in_automation,5,The AI assistant was predictable.,3,2026-03-22T07:02:00
P-7EC8DF17,control,trust_in_automation,6,I was suspicious of the AI assistant's recommendations.,2,2026-03-22T07:02:00
P-385CC7D2,control,trust_in_automation,0,The AI assistant was reliable.,3,2026-03-18T14:57:00
P-385CC7D2,control,trust_in_automation,1,I could trust the AI assistant's recommendations.,3,2026-03-18T14:57:00
P-385CC7D2,control,trust_in_automation,2,I felt confident in the AI assistant's judgments.,2,2026-03-18T14:57:00
P-385CC7D2,control,trust_in_automation,3,The AI assistant was competent at the task.,5,2026-03-18T14:57:00
P-385CC7D2,control,trust_in_automation,4,I could depend on the AI assistant.,3,2026-03-18T14:57:00
P-385CC7D2,control,trust_in_automation,5,The AI assistant was predictable.,3,2026-03-18T14:57:00
P-385CC7D2,control,trust_in_automation,6,I was suspicious of the AI assistant's recommendations.,4,2026-03-18T14:57:00
P-A0A7AB4E,control,trust_in_automation,0,The AI assistant was reliable.,2,2026-03-21T14:03:00
P-A0A7AB4E,control,trust_in_automation,1,I could trust the AI assistant's recommendations.,3,2026-03-21T14:03:00
P-A0A7AB4E,control,trust_in_automation,2,I felt confident in the AI assistant's judgments.,3,2026-03-21T14:03:00
P-A0A7AB4E,control,trust_in_automation,3,The AI assistant was competent at the task.,3,2026-03-21T14:03:00
P-A0A7AB4E,control,trust_in_automation,4,I could depend on the AI assistant.,4,2026-03-21T14:03:00
P-A0A7AB4E,control,trust_in_automation,5,The AI assistant was predictable.,2,2026-03-21T14:03:00
P-A0A7AB4E,control,trust_in_automation,6,I was suspicious of the AI assistant's recommendations.,3,2026-03-21T14:03:00
P-FCD5108B,control,trust_in_automation,0,The AI assistant was reliable.,4,2026-03-16T21:55:00
P-FCD5108B,control,trust_in_automation,1,I could trust the AI assistant's recommendations.,3,2026-03-16T21:55:00
P-FCD5108B,control,trust_in_automation,2,I felt confident in the AI assistant's judgments.,3,2026-03-16T21:55:00
P-FCD5108B,control,trust_in_automation,3,The AI assistant was competent at the task.,2,2026-03-16T21:55:00
P-FCD5108B,control,trust_in_automation,4,I could depend on the AI assistant.,4,2026-03-16T21:55:00
P-FCD5108B,control,trust_in_automation,5,The AI assistant was predictable.,2,2026-03-16T21:55:00
P-FCD5108B,control,trust_in_automation,6,I was suspicious of the AI assistant's recommendations.,3,2026-03-16T21:55:00
P-0FE954B1,control,trust_in_automation,0,The AI assistant was reliable.,3,2026-03-16T07:36:00
P-0FE954B1,control,trust_in_automation,1,I could trust the AI assistant's recommendations.,4,2026-03-16T07:36:00
P-0FE954B1,control,trust_in_automation,2,I felt confident in the AI assistant's judgments.,4,2026-03-16T07:36:00
P-0FE954B1,control,trust_in_automation,3,The AI assistant was competent at the task.,1,2026-03-16T07:36:00
P-0FE954B1,control,trust_in_automation,4,I could depend on the AI assistant.,2,2026-03-16T07:36:00
P-0FE954B1,control,trust_in_automation,5,The AI assistant was predictable.,3,2026-03-16T07:36:00
P-0FE954B1,control,trust_in_automation,6,I was suspicious of the AI assistant's recommendations.,4,2026-03-16T07:36:00
P-8D2BAD70,control,trust_in_automation,0,The AI assistant was reliable.,3,2026-03-16T19:12:00
P-8D2BAD70,control,trust_in_automation,1,I could trust the AI assistant's recommendations.,2,2026-03-16T19:12:00
P-8D2BAD70,control,trust_in_automation,2,I felt confident in the AI assistant's judgments.,2,2026-03-16T19:12:00
P-8D2BAD70,control,trust_in_automation,3,The AI assistant was competent at the task.,2,2026-03-16T19:12:00
P-8D2BAD70,control,trust_in_automation,4,I could depend on the AI assistant.,3,2026-03-16T19:12:00
P-8D2BAD70,control,trust_in_automation,5,The AI assistant was predictable.,4,2026-03-16T19:12:00
P-8D2BAD70,control,trust_in_automation,6,I was suspicious of the AI assistant's recommendations.,3,2026-03-16T19:12:00
P-A001A73E,control,trust_in_automation,0,The AI assistant was reliable.,2,2026-03-19T05:46:00
P-A001A73E,control,trust_in_automation,1,I could trust the AI assistant's recommendations.,4,2026-03-19T05:46:00
P-A001A73E,control,trust_in_automation,2,I felt confident in the AI assistant's judgments.,1,2026-03-19T05:46:00
P-A001A73E,control,trust_in_automation,3,The AI assistant was competent at the task.,3,2026-03-19T05:46:00
P-A001A73E,control,trust_in_automation,4,I could depend on the AI assistant.,3,2026-03-19T05:46:00
P-A001A73E,control,trust_in_automation,5,The AI assistant was predictable.,3,2026-03-19T05:46:00
P-A001A73E,control,trust_in_automation,6,I was suspicious of the AI assistant's recommendations.,4,2026-03-19T05:46:00
P-A3646175,control,trust_in_automation,0,The AI assistant was reliable.,3,2026-03-16T11:45:00
P-A3646175,control,trust_in_automation,1,I could trust the AI assistant's recommendations.,3,2026-03-16T11:45:00
P-A3646175,control,trust_in_automation,2,I felt confident in the AI assistant's judgments.,1,2026-03-16T11:45:00
P-A3646175,control,trust_in_automation,3,The AI assistant was competent at the task.,2,2026-03-16T11:45:00
P-A3646175,control,trust_in_automation,4,I could depend on the AI assistant.,2,2026-03-16T11:45:00
P-A3646175,control,trust_in_automation,5,The AI assistant was predictable.,1,2026-03-16T11:45:00
P-A3646175,control,trust_in_automation,6,I was suspicious of the AI assistant's recommendations.,4,2026-03-16T11:45:00
P-45DFA3E0,control,trust_in_automation,0,The AI assistant was reliable.,3,2026-03-18T14:27:00
P-45DFA3E0,control,trust_in_automation,1,I could trust the AI assistant's recommendations.,2,2026-03-18T14:27:00
P-45DFA3E0,control,trust_in_automation,2,I felt confident in the AI assistant's judgments.,2,2026-03-18T14:27:00
P-45DFA3E0,control,trust_in_automation,3,The AI assistant was competent at the task.,4,2026-03-18T14:27:00
P-45DFA3E0,control,trust_in_automation,4,I could depend on the AI assistant.,1,2026-03-18T14:27:00
P-45DFA3E0,control,trust_in_automation,5,The AI assistant was predictable.,2,2026-03-18T14:27:00
P-45DFA3E0,control,trust_in_automation,6,I was suspicious of the AI assistant's recommendations.,4,2026-03-18T14:27:00
P-B36B36AA,control,trust_in_automation,0,The AI assistant was reliable.,3,2026-03-16T19:53:00
P-B36B36AA,control,trust_in_automation,1,I could trust the AI assistant's recommendations.,4,2026-03-16T19:53:00
P-B36B36AA,control,trust_in_automation,2,I felt confident in the AI assistant's judgments.,3,2026-03-16T19:53:00
P-B36B36AA,control,trust_in_automation,3,The AI assistant was competent at the task.,3,2026-03-16T19:53:00
P-B36B36AA,control,trust_in_automation,4,I could depend on the AI assistant.,2,2026-03-16T19:53:00
P-B36B36AA,control,trust_in_automation,5,The AI assistant was predictable.,3,2026-03-16T19:53:00
P-B36B36AA,control,trust_in_automation,6,I was suspicious of the AI assistant's recommendations.,3,2026-03-16T19:53:00
P-72D8BDD5,control,trust_in_automation,0,The AI assistant was reliable.,3,2026-03-18T12:42:00
P-72D8BDD5,control,trust_in_automation,1,I could trust the AI assistant's recommendations.,2,2026-03-18T12:42:00
P-72D8BDD5,control,trust_in_automation,2,I felt confident in the AI assistant's judgments.,2,2026-03-18T12:42:00
P-72D8BDD5,control,trust_in_automation,3,The AI assistant was competent at the task.,3,2026-03-18T12:42:00
P-72D8BDD5,control,trust_in_automation,4,I could depend on the AI assistant.,2,2026-03-18T12:42:00
P-72D8BDD5,control,trust_in_automation,5,The AI assistant was predictable.,1,2026-03-18T12:42:00
P-72D8BDD5,control,trust_in_automation,6,I was suspicious of the AI assistant's recommendations.,4,2026-03-18T12:42:00
P-AE2EFD98,control,trust_in_automation,0,The AI assistant was reliable.,1,2026-03-22T14:17:00
P-AE2EFD98,control,trust_in_automation,1,I could trust the AI assistant's recommendations.,3,2026-03-22T14:17:00
P-AE2EFD98,control,trust_in_automation,2,I felt confident in the AI assistant's judgments.,3,2026-03-22T14:17:00
P-AE2EFD98,control,trust_in_automation,3,The AI assistant was competent at the task.,3,2026-03-22T14:17:00
P-AE2EFD98,control,trust_in_automation,4,I could depend on the AI assistant.,2,2026-03-22T14:17:00
P-AE2EFD98,control,trust_in_automation,5,The AI assistant was predictable.,3,2026-03-22T14:17:00
P-AE2EFD98,control,trust_in_automation,6,I was suspicious of the AI assistant's recommendations.,4,2026-03-22T14:17:00
P-9BBF6D5F,control,trust_in_automation,0,The AI assistant was reliable.,2,2026-03-19T21:08:00
P-9BBF6D5F,control,trust_in_automation,1,I could trust the AI assistant's recommendations.,3,2026-03-19T21:08:00
P-9BBF6D5F,control,trust_in_automation,2,I felt confident in the AI assistant's judgments.,1,2026-03-19T21:08:00
P-9BBF6D5F,control,trust_in_automation,3,The AI assistant was competent at the task.,3,2026-03-19T21:08:00
P-9BBF6D5F,control,trust_in_automation,4,I could depend on the AI assistant.,2,2026-03-19T21:08:00
P-9BBF6D5F,control,trust_in_automation,5,The AI assistant was predictable.,3,2026-03-19T21:08:00
P-9BBF6D5F,control,trust_in_automation,6,I was suspicious of the AI assistant's recommendations.,4,2026-03-19T21:08:00
P-99A2C407,control,trust_in_automation,0,The AI assistant was reliable.,2,2026-03-22T17:32:00
P-99A2C407,control,trust_in_automation,1,I could trust the AI assistant's recommendations.,2,2026-03-22T17:32:00
P-99A2C407,control,trust_in_automation,2,I felt confident in the AI assistant's judgments.,1,2026-03-22T17:32:00
P-99A2C407,control,trust_in_automation,3,The AI assistant was competent at the task.,2,2026-03-22T17:32:00
P-99A2C407,control,trust_in_automation,4,I could depend on the AI assistant.,3,2026-03-22T17:32:00
P-99A2C407,control,trust_in_automation,5,The AI assistant was predictable.,3,2026-03-22T17:32:00
P-99A2C407,control,trust_in_automation,6,I was suspicious of the AI assistant's recommendations.,3,2026-03-22T17:32:00
P-927730BE,control,trust_in_automation,0,The AI assistant was reliable.,4,2026-03-21T04:54:00
P-927730BE,control,trust_in_automation,1,I could trust the AI assistant's recommendations.,2,2026-03-21T04:54:00
P-927730BE,control,trust_in_automation,2,I felt confident in the AI assistant's judgments.,1,2026-03-21T04:54:00
P-927730BE,control,trust_in_automation,3,The AI assistant was competent at the task.,3,2026-03-21T04:54:00
P-927730BE,control,trust_in_automation,4,I could depend on the AI assistant.,3,2026-03-21T04:54:00
P-927730BE,control,trust_in_automation,5,The AI assistant was predictable.,4,2026-03-21T04:54:00
P-927730BE,control,trust_in_automation,6,I was suspicious of the AI assistant's recommendations.,4,2026-03-21T04:54:00
P-80126FE7,humanlike,trust_in_automation,0,The AI assistant was reliable.,4,2026-03-20T00:58:00
P-80126FE7,humanlike,trust_in_automation,1,I could trust the AI assistant's recommendations.,3,2026-03-20T00:58:00
P-80126FE7,humanlike,trust_in_automation,2,I felt confident in the AI assistant's judgments.,3,2026-03-20T00:58:00
P-80126FE7,humanlike,trust_in_automation,3,The AI assistant was competent at the task.,2,2026-03-20T00:58:00
P-80126FE7,humanlike,trust_in_automation,4,I could depend on the AI assistant.,4,2026-03-20T00:58:00
P-80126FE7,humanlike,trust_in_automation,5,The AI assistant was predictable.,3,2026-03-20T00:58:00
P-80126FE7,humanlike,trust_in_automation,6,I was suspicious of the AI assistant's recommendations.,4,2026-03-20T00:58:00
P-583CD833,humanlike,trust_in_automation,0,The AI assistant was reliable.,4,2026-03-15T17:52:00
P-583CD833,humanlike,trust_in_automation,1,I could trust the AI assistant's recommendations.,4,2026-03-15T17:52:00
P-583CD833,humanlike,trust_in_automation,2,I felt confident in the AI assistant's judgments.,3,2026-03-15T17:52:00
P-583CD833,humanlike,trust_in_automation,3,The AI assistant was competent at the task.,3,2026-03-15T17:52:00
P-583CD833,humanlike,trust_in_automation,4,I could depend on the AI assistant.,4,2026-03-15T17:52:00
P-583CD833,humanlike,trust_in_automation,5,The AI assistant was predictable.,3,2026-03-15T17:52:00
P-583CD833,humanlike,trust_in_automation,6,I was suspicious of the AI assistant's recommendations.,4,2026-03-15T17:52:00
P-BBA23257,humanlike,trust_in_automation,0,The AI assistant was reliable.,3,2026-03-16T06:36:00
P-BBA23257,humanlike,trust_in_automation,1,I could trust the AI assistant's recommendations.,5,2026-03-16T06:36:00
P-BBA23257,humanlike,trust_in_automation,2,I felt confident in the AI assistant's judgments.,3,2026-03-16T06:36:00
P-BBA23257,humanlike,trust_in_automation,3,The AI assistant was competent at the task.,3,2026-03-16T06:36:00
P-BBA23257,humanlike,trust_in_automation,4,I could depend on the AI assistant.,4,2026-03-16T06:36:00
P-BBA23257,humanlike,trust_in_automation,5,The AI assistant was predictable.,4,2026-03-16T06:36:00
P-BBA23257,humanlike,trust_in_automation,6,I was suspicious of the AI assistant's recommendations.,3,2026-03-16T06:36:00
P-3C253927,humanlike,trust_in_automation,0,The AI assistant was reliable.,4,2026-03-23T22:53:00
P-3C253927,humanlike,trust_in_automation,1,I could trust the AI assistant's recommendations.,3,2026-03-23T22:53:00
P-3C253927,humanlike,trust_in_automation,2,I felt confident in the AI assistant's judgments.,3,2026-03-23T22:53:00
P-3C253927,humanlike,trust_in_automation,3,The AI assistant was competent at the task.,3,2026-03-23T22:53:00
P-3C253927,humanlike,trust_in_automation,4,I could depend on the AI assistant.,4,2026-03-23T22:53:00
P-3C253927,humanlike,trust_in_automation,5,The AI assistant was predictable.,5,2026-03-23T22:53:00
P-3C253927,humanlike,trust_in_automation,6,I was suspicious of the AI assistant's recommendations.,2,2026-03-23T22:53:00
P-97369B73,humanlike,trust_in_automation,0,The AI assistant was reliable.,2,2026-03-17T15:55:00
P-97369B73,humanlike,trust_in_automation,1,I could trust the AI assistant's recommendations.,3,2026-03-17T15:55:00
P-97369B73,humanlike,trust_in_automation,2,I felt confident in the AI assistant's judgments.,3,2026-03-17T15:55:00
P-97369B73,humanlike,trust_in_automation,3,The AI assistant was competent at the task.,3,2026-03-17T15:55:00
P-97369B73,humanlike,trust_in_automation,4,I could depend on the AI assistant.,3,2026-03-17T15:55:00
P-97369B73,humanlike,trust_in_automation,5,The AI assistant was predictable.,4,2026-03-17T15:55:00
P-97369B73,humanlike,trust_in_automation,6,I was suspicious of the AI assistant's recommendations.,3,2026-03-17T15:55:00
P-9DB5FD33,humanlike,trust_in_automation,0,The AI assistant was reliable.,4,2026-03-20T13:49:00
P-9DB5FD33,humanlike,trust_in_automation,1,I could trust the AI assistant's recommendations.,2,2026-03-20T13:49:00
P-9DB5FD33,humanlike,trust_in_automation,2,I felt confident in the AI assistant's judgments.,3,2026-03-20T13:49:00
P-9DB5FD33,humanlike,trust_in_automation,3,The AI assistant was competent at the task.,4,2026-03-20T13:49:00
P-9DB5FD33,humanlike,trust_in_automation,4,I could depend on the AI assistant.,5,2026-03-20T13:49:00
P-9DB5FD33,humanlike,trust_in_automation,5,The AI assistant was predictable.,3,2026-03-20T13:49:00
P-9DB5FD33,humanlike,trust_in_automation,6,I was suspicious of the AI assistant's recommendations.,3,2026-03-20T13:49:00
P-C383BD8D,humanlike,trust_in_automation,0,The AI assistant was reliable.,5,2026-03-18T20:12:00
P-C383BD8D,humanlike,trust_in_automation,1,I could trust the AI assistant's recommendations.,2,2026-03-18T20:12:00
P-C383BD8D,humanlike,trust_in_automation,2,I felt confident in the AI assistant's judgments.,5,2026-03-18T20:12:00
P-C383BD8D,humanlike,trust_in_automation,3,The AI assistant was competent at the task.,3,2026-03-18T20:12:00
P-C383BD8D,humanlike,trust_in_automation,4,I could depend on the AI assistant.,4,2026-03-18T20:12:00
P-C383BD8D,humanlike,trust_in_automation,5,The AI assistant was predictable.,3,2026-03-18T20:12:00
P-C383BD8D,humanlike,trust_in_automation,6,I was suspicious of the AI assistant's recommendations.,4,2026-03-18T20:12:00
P-4F663F95,humanlike,trust_in_automation,0,The AI assistant was reliable.,4,2026-03-21T22:10:00
P-4F663F95,humanlike,trust_in_automation,1,I could trust the AI assistant's recommendations.,4,2026-03-21T22:10:00
P-4F663F95,humanlike,trust_in_automation,2,I felt confident in the AI assistant's judgments.,3,2026-03-21T22:10:00
P-4F663F95,humanlike,trust_in_automation,3,The AI assistant was competent at the task.,4,2026-03-21T22:10:00
P-4F663F95,humanlike,trust_in_automation,4,I could depend on the AI assistant.,2,2026-03-21T22:10:00
P-4F663F95,humanlike,trust_in_automation,5,The AI assistant was predictable.,2,2026-03-21T22:10:00
P-4F663F95,humanlike,trust_in_automation,6,I was suspicious of the AI assistant's recommendations.,2,2026-03-21T22:10:00
P-58F5FC54,humanlike,trust_in_automation,0,The AI assistant was reliable.,3,2026-03-24T16:03:00
P-58F5FC54,humanlike,trust_in_automation,1,I could trust the AI assistant's recommendations.,3,2026-03-24T16:03:00
P-58F5FC54,humanlike,trust_in_automation,2,I felt confident in the AI assistant's judgments.,3,2026-03-24T16:03:00
P-58F5FC54,humanlike,trust_in_automation,3,The AI assistant was competent at the task.,4,2026-03-24T16:03:00
P-58F5FC54,humanlike,trust_in_automation,4,I could depend on the AI assistant.,3,2026-03-24T16:03:00
P-58F5FC54,humanlike,trust_in_automation,5,The AI assistant was predictable.,3,2026-03-24T16:03:00
P-58F5FC54,humanlike,trust_in_automation,6,I was suspicious of the AI assistant's recommendations.,3,2026-03-24T16:03:00
P-372E7D2A,humanlike,trust_in_automation,0,The AI assistant was reliable.,4,2026-03-20T13:46:00
P-372E7D2A,humanlike,trust_in_automation,1,I could trust the AI assistant's recommendations.,3,2026-03-20T13:46:00
P-372E7D2A,humanlike,trust_in_automation,2,I felt confident in the AI assistant's judgments.,4,2026-03-20T13:46:00
P-372E7D2A,humanlike,trust_in_automation,3,The AI assistant was competent at the task.,3,2026-03-20T13:46:00
P-372E7D2A,humanlike,trust_in_automation,4,I could depend on the AI assistant.,4,2026-03-20T13:46:00
P-372E7D2A,humanlike,trust_in_automation,5,The AI assistant was predictable.,2,2026-03-20T13:46:00
P-372E7D2A,humanlike,trust_in_automation,6,I was suspicious of the AI assistant's recommendations.,3,2026-03-20T13:46:00
P-7AD97472,humanlike,trust_in_automation,0,The AI assistant was reliable.,3,2026-03-20T10:58:00
P-7AD97472,humanlike,trust_in_automation,1,I could trust the AI assistant's recommendations.,2,2026-03-20T10:58:00
P-7AD97472,humanlike,trust_in_automation,2,I felt confident in the AI assistant's judgments.,3,2026-03-20T10:58:00
P-7AD97472,humanlike,trust_in_automation,3,The AI assistant was competent at the task.,3,2026-03-20T10:58:00
P-7AD97472,humanlike,trust_in_automation,4,I could depend on the AI assistant.,3,2026-03-20T10:58:00
P-7AD97472,humanlike,trust_in_automation,5,The AI assistant was predictable.,3,2026-03-20T10:58:00
P-7AD97472,humanlike,trust_in_automation,6,I was suspicious of the AI assistant's recommendations.,2,2026-03-20T10:58:00
P-66719511,humanlike,trust_in_automation,0,The AI assistant was reliable.,5,2026-03-16T01:30:00
P-66719511,humanlike,trust_in_automation,1,I could trust the AI assistant's recommendations.,3,2026-03-16T01:30:00
P-66719511,humanlike,trust_in_automation,2,I felt confident in the AI assistant's judgments.,5,2026-03-16T01:30:00
P-66719511,humanlike,trust_in_automation,3,The AI assistant was competent at the task.,4,2026-03-16T01:30:00
P-66719511,humanlike,trust_in_automation,4,I could depend on the AI assistant.,4,2026-03-16T01:30:00
P-66719511,humanlike,trust_in_automation,5,The AI assistant was predictable.,4,2026-03-16T01:30:00
P-66719511,humanlike,trust_in_automation,6,I was suspicious of the AI assistant's recommendations.,2,2026-03-16T01:30:00
P-2E1C93E8,humanlike,trust_in_automation,0,The AI assistant was reliable.,3,2026-03-21T14:23:00
P-2E1C93E8,humanlike,trust_in_automation,1,I could trust the AI assistant's recommendations.,3,2026-03-21T14:23:00
P-2E1C93E8,humanlike,trust_in_automation,2,I felt confident in the AI assistant's judgments.,5,2026-03-21T14:23:00
P-2E1C93E8,humanlike,trust_in_automation,3,The AI assistant was competent at the task.,3,2026-03-21T14:23:00
P-2E1C93E8,humanlike,trust_in_automation,4,I could depend on the AI assistant.,2,2026-03-21T14:23:00
P-2E1C93E8,humanlike,trust_in_automation,5,The AI assistant was predictable.,3,2026-03-21T14:23:00
P-2E1C93E8,humanlike,trust_in_automation,6,I was suspicious of the AI assistant's recommendations.,4,2026-03-21T14:23:00
P-993B989A,humanlike,trust_in_automation,0,The AI assistant was reliable.,4,2026-03-22T21:16:00
P-993B989A,humanlike,trust_in_automation,1,I could trust the AI assistant's recommendations.,3,2026-03-22T21:16:00
P-993B989A,humanlike,trust_in_automation,2,I felt confident in the AI assistant's judgments.,4,2026-03-22T21:16:00
P-993B989A,humanlike,trust_in_automation,3,The AI assistant was competent at the task.,4,2026-03-22T21:16:00
P-993B989A,humanlike,trust_in_automation,4,I could depend on the AI assistant.,3,2026-03-22T21:16:00
P-993B989A,humanlike,trust_in_automation,5,The AI assistant was predictable.,3,2026-03-22T21:16:00
P-993B989A,humanlike,trust_in_automation,6,I was suspicious of the AI assistant's recommendations.,1,2026-03-22T21:16:00
P-4B796A55,humanlike,trust_in_automation,0,The AI assistant was reliable.,5,2026-03-22T01:17:00
P-4B796A55,humanlike,trust_in_automation,1,I could trust the AI assistant's recommendations.,4,2026-03-22T01:17:00
P-4B796A55,humanlike,trust_in_automation,2,I felt confident in the AI assistant's judgments.,1,2026-03-22T01:17:00
P-4B796A55,humanlike,trust_in_automation,3,The AI assistant was competent at the task.,3,2026-03-22T01:17:00
P-4B796A55,humanlike,trust_in_automation,4,I could depend on the AI assistant.,3,2026-03-22T01:17:00
P-4B796A55,humanlike,trust_in_automation,5,The AI assistant was predictable.,3,2026-03-22T01:17:00
P-4B796A55,humanlike,trust_in_automation,6,I was suspicious of the AI assistant's recommendations.,4,2026-03-22T01:17:00
P-97C062D7,humanlike,trust_in_automation,0,The AI assistant was reliable.,4,2026-03-18T04:59:00
P-97C062D7,humanlike,trust_in_automation,1,I could trust the AI assistant's recommendations.,3,2026-03-18T04:59:00
P-97C062D7,humanlike,trust_in_automation,2,I felt confident in the AI assistant's judgments.,3,2026-03-18T04:59:00
P-97C062D7,humanlike,trust_in_automation,3,The AI assistant was competent at the task.,3,2026-03-18T04:59:00
P-97C062D7,humanlike,trust_in_automation,4,I could depend on the AI assistant.,5,2026-03-18T04:59:00
P-97C062D7,humanlike,trust_in_automation,5,The AI assistant was predictable.,4,2026-03-18T04:59:00
P-97C062D7,humanlike,trust_in_automation,6,I was suspicious of the AI assistant's recommendations.,2,2026-03-18T04:59:00
P-C77E339D,humanlike,trust_in_automation,0,The AI assistant was reliable.,4,2026-03-19T12:43:00
P-C77E339D,humanlike,trust_in_automation,1,I could trust the AI assistant's recommendations.,4,2026-03-19T12:43:00
P-C77E339D,humanlike,trust_in_automation,2,I felt confident in the AI assistant's judgments.,4,2026-03-19T12:43:00
P-C77E339D,humanlike,trust_in_automation,3,The AI assistant was competent at the task.,4,2026-03-19T12:43:00
P-C77E339D,humanlike,trust_in_automation,4,I could depend on the AI assistant.,2,2026-03-19T12:43:00
P-C77E339D,humanlike,trust_in_automation,5,The AI assistant was predictable.,4,2026-03-19T12:43:00
P-C77E339D,humanlike,trust_in_automation,6,I was suspicious of the AI assistant's recommendations.,3,2026-03-19T12:43:00
P-1D7A2E79,humanlike,trust_in_automation,0,The AI assistant was reliable.,4,2026-03-20T11:00:00
P-1D7A2E79,humanlike,trust_in_automation,1,I could trust the AI assistant's recommendations.,3,2026-03-20T11:00:00
P-1D7A2E79,humanlike,trust_in_automation,2,I felt confident in the AI assistant's judgments.,4,2026-03-20T11:00:00
P-1D7A2E79,humanlike,trust_in_automation,3,The AI assistant was competent at the task.,3,2026-03-20T11:00:00
P-1D7A2E79,humanlike,trust_in_automation,4,I could depend on the AI assistant.,4,2026-03-20T11:00:00
P-1D7A2E79,humanlike,trust_in_automation,5,The AI assistant was predictable.,2,2026-03-20T11:00:00
P-1D7A2E79,humanlike,trust_in_automation,6,I was suspicious of the AI assistant's recommendations.,2,2026-03-20T11:00:00
P-3DDBC5A5,humanlike,trust_in_automation,0,The AI assistant was reliable.,4,2026-03-16T00:45:00
P-3DDBC5A5,humanlike,trust_in_automation,1,I could trust the AI assistant's recommendations.,5,2026-03-16T00:45:00
P-3DDBC5A5,humanlike,trust_in_automation,2,I felt confident in the AI assistant's judgments.,3,2026-03-16T00:45:00
P-3DDBC5A5,humanlike,trust_in_automation,3,The AI assistant was competent at the task.,3,2026-03-16T00:45:00
P-3DDBC5A5,humanlike,trust_in_automation,4,I could depend on the AI assistant.,4,2026-03-16T00:45:00
P-3DDBC5A5,humanlike,trust_in_automation,5,The AI assistant was predictable.,5,2026-03-16T00:45:00
P-3DDBC5A5,humanlike,trust_in_automation,6,I was suspicious of the AI assistant's recommendations.,1,2026-03-16T00:45:00
P-54AA6AE9,humanlike,trust_in_automation,0,The AI assistant was reliable.,3,2026-03-17T23:00:00
P-54AA6AE9,humanlike,trust_in_automation,1,I could trust the AI assistant's recommendations.,3,2026-03-17T23:00:00
P-54AA6AE9,humanlike,trust_in_automation,2,I felt confident in the AI assistant's judgments.,4,2026-03-17T23:00:00
P-54AA6AE9,humanlike,trust_in_automation,3,The AI assistant was competent at the task.,3,2026-03-17T23:00:00
P-54AA6AE9,humanlike,trust_in_automation,4,I could depend on the AI assistant.,2,2026-03-17T23:00:00
P-54AA6AE9,humanlike,trust_in_automation,5,The AI assistant was predictable.,4,2026-03-17T23:00:00
P-54AA6AE9,humanlike,trust_in_automation,6,I was suspicious of the AI assistant's recommendations.,3,2026-03-17T23:00:00
P-53344906,humanlike,trust_in_automation,0,The AI assistant was reliable.,5,2026-03-19T14:06:00
P-53344906,humanlike,trust_in_automation,1,I could trust the AI assistant's recommendations.,3,2026-03-19T14:06:00
P-53344906,humanlike,trust_in_automation,2,I felt confident in the AI assistant's judgments.,3,2026-03-19T14:06:00
P-53344906,humanlike,trust_in_automation,3,The AI assistant was competent at the task.,2,2026-03-19T14:06:00
P-53344906,humanlike,trust_in_automation,4,I could depend on the AI assistant.,3,2026-03-19T14:06:00
P-53344906,humanlike,trust_in_automation,5,The AI assistant was predictable.,3,2026-03-19T14:06:00
P-53344906,humanlike,trust_in_automation,6,I was suspicious of the AI assistant's recommendations.,4,2026-03-19T14:06:00
P-FEBDA692,humanlike,trust_in_automation,0,The AI assistant was reliable.,2,2026-03-21T17:58:00
P-FEBDA692,humanlike,trust_in_automation,1,I could trust the AI assistant's recommendations.,3,2026-03-21T17:58:00
P-FEBDA692,humanlike,trust_in_automation,2,I felt confident in the AI assistant's judgments.,2,2026-03-21T17:58:00
P-FEBDA692,humanlike,trust_in_automation,3,The AI assistant was competent at the task.,4,2026-03-21T17:58:00
P-FEBDA692,humanlike,trust_in_automation,4,I could depend on the AI assistant.,4,2026-03-21T17:58:00
P-FEBDA692,humanlike,trust_in_automation,5,The AI assistant was predictable.,2,2026-03-21T17:58:00
P-FEBDA692,humanlike,trust_in_automation,6,I was suspicious of the AI assistant's recommendations.,2,2026-03-21T17:58:00
P-8D2B7D80,humanlike,trust_in_automation,0,The AI assistant was reliable.,4,2026-03-20T01:19:00
P-8D2B7D80,humanlike,trust_in_automation,1,I could trust the AI assistant's recommendations.,2,2026-03-20T01:19:00
P-8D2B7D80,humanlike,trust_in_automation,2,I felt confident in the AI assistant's judgments.,4,2026-03-20T01:19:00
P-8D2B7D80,humanlike,trust_in_automation,3,The AI assistant was competent at the task.,4,2026-03-20T01:19:00
P-8D2B7D80,humanlike,trust_in_automation,4,I could depend on the AI assistant.,4,2026-03-20T01:19:00
P-8D2B7D80,humanlike,trust_in_automation,5,The AI assistant was predictable.,3,2026-03-20T01:19:00
P-8D2B7D80,humanlike,trust_in_automation,6,I was suspicious of the AI assistant's recommendations.,4,2026-03-20T01:19:00
P-9941484B,humanlike,trust_in_automation,0,The AI assistant was reliable.,3,2026-03-25T00:46:00
P-9941484B,humanlike,trust_in_automation,1,I could trust the AI assistant's recommendations.,4,2026-03-25T00:46:00
P-9941484B,humanlike,trust_in_automation,2,I felt confident in the AI assistant's judgments.,3,2026-03-25T00:46:00
P-9941484B,humanlike,trust_in_automation,3,The AI assistant was competent at the task.,4,2026-03-25T00:46:00
P-9941484B,humanlike,trust_in_automation,4,I could depend on the AI assistant.,3,2026-03-25T00:46:00
P-9941484B,humanlike,trust_in_automation,5,The AI assistant was predictable.,4,2026-03-25T00:46:00
P-9941484B,humanlike,trust_in_automation,6,I was suspicious of the AI assistant's recommendations.,2,2026-03-25T00:46:00
P-9D5063BF,humanlike,trust_in_automation,0,The AI assistant was reliable.,4,2026-03-16T03:32:00
P-9D5063BF,humanlike,trust_in_automation,1,I could trust the AI assistant's recommendations.,2,2026-03-16T03:32:00
P-9D5063BF,humanlike,trust_in_automation,2,I felt confident in the AI assistant's judgments.,3,2026-03-16T03:32:00
P-9D5063BF,humanlike,trust_in_automation,3,The AI assistant was competent at the task.,3,2026-03-16T03:32:00
P-9D5063BF,humanlike,trust_in_automation,4,I could depend on the AI assistant.,3,2026-03-16T03:32:00
P-9D5063BF,humanlike,trust_in_automation,5,The AI assistant was predictable.,4,2026-03-16T03:32:00
P-9D5063BF,humanlike,trust_in_automation,6,I was suspicious of the AI assistant's recommendations.,3,2026-03-16T03:32:00
P-AD263F53,humanlike,trust_in_automation,0,The AI assistant was reliable.,4,2026-03-16T00:17:00
P-AD263F53,humanlike,trust_in_automation,1,I could trust the AI assistant's recommendations.,4,2026-03-16T00:17:00
P-AD263F53,humanlike,trust_in_automation,2,I felt confident in the AI assistant's judgments.,3,2026-03-16T00:17:00
P-AD263F53,humanlike,trust_in_automation,3,The AI assistant was competent at the task.,2,2026-03-16T00:17:00
P-AD263F53,humanlike,trust_in_automation,4,I could depend on the AI assistant.,2,2026-03-16T00:17:00
P-AD263F53,humanlike,trust_in_automation,5,The AI assistant was predictable.,3,2026-03-16T00:17:00
P-AD263F53,humanlike,trust_in_automation,6,I was suspicious of the AI assistant's recommendations.,2,2026-03-16T00:17:00
P-DB55AAF3,humanlike,trust_in_automation,0,The AI assistant was reliable.,2,2026-03-20T06:39:00
P-DB55AAF3,humanlike,trust_in_automation,1,I could trust the AI assistant's recommendations.,4,2026-03-20T06:39:00
P-DB55AAF3,humanlike,trust_in_automation,2,I felt confident in the AI assistant's judgments.,3,2026-03-20T06:39:00
P-DB55AAF3,humanlike,trust_in_automation,3,The AI assistant was competent at the task.,4,2026-03-20T06:39:00
P-DB55AAF3,humanlike,trust_in_automation,4,I could depend on the AI assistant.,3,2026-03-20T06:39:00
P-DB55AAF3,humanlike,trust_in_automation,5,The AI assistant was predictable.,3,2026-03-20T06:39:00
P-DB55AAF3,humanlike,trust_in_automation,6,I was suspicious of the AI assistant's recommendations.,2,2026-03-20T06:39:00
P-F1446DA1,humanlike,trust_in_automation,0,The AI assistant was reliable.,4,2026-03-18T16:59:00
P-F1446DA1,humanlike,trust_in_automation,1,I could trust the AI assistant's recommendations.,3,2026-03-18T16:59:00
P-F1446DA1,humanlike,trust_in_automation,2,I felt confident in the AI assistant's judgments.,4,2026-03-18T16:59:00
P-F1446DA1,humanlike,trust_in_automation,3,The AI assistant was competent at the task.,3,2026-03-18T16:59:00
P-F1446DA1,humanlike,trust_in_automation,4,I could depend on the AI assistant.,3,2026-03-18T16:59:00
P-F1446DA1,humanlike,trust_in_automation,5,The AI assistant was predictable.,3,2026-03-18T16:59:00
P-F1446DA1,humanlike,trust_in_automation,6,I was suspicious of the AI assistant's recommendations.,3,2026-03-18T16:59:00
P-EB6D2E2B,humanlike,trust_in_automation,0,The AI assistant was reliable.,3,2026-03-20T02:28:00
P-EB6D2E2B,humanlike,trust_in_automation,1,I could trust the AI assistant's recommendations.,5,2026-03-20T02:28:00
P-EB6D2E2B,humanlike,trust_in_automation,2,I felt confident in the AI assistant's judgments.,3,2026-03-20T02:28:00
P-EB6D2E2B,humanlike,trust_in_automation,3,The AI assistant was competent at the task.,4,2026-03-20T02:28:00
P-EB6D2E2B,humanlike,trust_in_automation,4,I could depend on the AI assistant.,5,2026-03-20T02:28:00
P-EB6D2E2B,humanlike,trust_in_automation,5,The AI assistant was predictable.,4,2026-03-20T02:28:00
P-EB6D2E2B,humanlike,trust_in_automation,6,I was suspicious of the AI assistant's recommendations.,1,2026-03-20T02:28:00
P-812946B2,humanlike,trust_in_automation,0,The AI assistant was reliable.,3,2026-03-22T20:58:00
P-812946B2,humanlike,trust_in_automation,1,I could trust the AI assistant's recommendations.,4,2026-03-22T20:58:00
P-812946B2,humanlike,trust_in_automation,2,I felt confident in the AI assistant's judgments.,4,2026-03-22T20:58:00
P-812946B2,humanlike,trust_in_automation,3,The AI assistant was competent at the task.,3,2026-03-22T20:58:00
P-812946B2,humanlike,trust_in_automation,4,I could depend on the AI assistant.,4,2026-03-22T20:58:00
P-812946B2,humanlike,trust_in_automation,5,The AI assistant was predictable.,3,2026-03-22T20:58:00
P-812946B2,humanlike,trust_in_automation,6,I was suspicious of the AI assistant's recommendations.,2,2026-03-22T20:58:00
P-445BA5F8,authority,trust_in_automation,0,The AI assistant was reliable.,5,2026-03-17T07:46:00
P-445BA5F8,authority,trust_in_automation,1,I could trust the AI assistant's recommendations.,2,2026-03-17T07:46:00
P-445BA5F8,authority,trust_in_automation,2,I felt confident in the AI assistant's judgments.,4,2026-03-17T07:46:00
P-445BA5F8,authority,trust_in_automation,3,The AI assistant was competent at the task.,3,2026-03-17T07:46:00
P-445BA5F8,authority,trust_in_automation,4,I could depend on the AI assistant.,3,2026-03-17T07:46:00
P-445BA5F8,authority,trust_in_automation,5,The AI assistant was predictable.,3,2026-03-17T07:46:00
P-445BA5F8,authority,trust_in_automation,6,I was suspicious of the AI assistant's recommendations.,3,2026-03-17T07:46:00
P-DB59BEEA,authority,trust_in_automation,0,The AI assistant was reliable.,3,2026-03-19T12:05:00
P-DB59BEEA,authority,trust_in_automation,1,I could trust the AI assistant's recommendations.,3,2026-03-19T12:05:00
P-DB59BEEA,authority,trust_in_automation,2,I felt confident in the AI assistant's judgments.,3,2026-03-19T12:05:00
P-DB59BEEA,authority,trust_in_automation,3,The AI assistant was competent at the task.,4,2026-03-19T12:05:00
P-DB59BEEA,authority,trust_in_automation,4,I could depend on the AI assistant.,4,2026-03-19T12:05:00
P-DB59BEEA,authority,trust_in_automation,5,The AI assistant was predictable.,4,2026-03-19T12:05:00
P-DB59BEEA,authority,trust_in_automation,6,I was suspicious of the AI assistant's recommendations.,2,2026-03-19T12:05:00
P-53B98B4A,authority,trust_in_automation,0,The AI assistant was reliable.,3,2026-03-25T02:52:00
P-53B98B4A,authority,trust_in_automation,1,I could trust the AI assistant's recommendations.,3,2026-03-25T02:52:00
P-53B98B4A,authority,trust_in_automation,2,I felt confident in the AI assistant's judgments.,4,2026-03-25T02:52:00
P-53B98B4A,authority,trust_in_automation,3,The AI assistant was competent at the task.,3,2026-03-25T02:52:00
P-53B98B4A,authority,trust_in_automation,4,I could depend on the AI assistant.,4,2026-03-25T02:52:00
P-53B98B4A,authority,trust_in_automation,5,The AI assistant was predictable.,3,2026-03-25T02:52:00
P-53B98B4A,authority,trust_in_automation,6,I was suspicious of the AI assistant's recommendations.,3,2026-03-25T02:52:00
P-4ECF7560,authority,trust_in_automation,0,The AI assistant was reliable.,4,2026-03-23T19:54:00
P-4ECF7560,authority,trust_in_automation,1,I could trust the AI assistant's recommendations.,3,2026-03-23T19:54:00
P-4ECF7560,authority,trust_in_automation,2,I felt confident in the AI assistant's judgments.,3,2026-03-23T19:54:00
P-4ECF7560,authority,trust_in_automation,3,The AI assistant was competent at the task.,4,2026-03-23T19:54:00
P-4ECF7560,authority,trust_in_automation,4,I could depend on the AI assistant.,5,2026-03-23T19:54:00
P-4ECF7560,authority,trust_in_automation,5,The AI assistant was predictable.,5,2026-03-23T19:54:00
P-4ECF7560,authority,trust_in_automation,6,I was suspicious of the AI assistant's recommendations.,2,2026-03-23T19:54:00
P-8AC45279,authority,trust_in_automation,0,The AI assistant was reliable.,4,2026-03-22T23:29:00
P-8AC45279,authority,trust_in_automation,1,I could trust the AI assistant's recommendations.,4,2026-03-22T23:29:00
P-8AC45279,authority,trust_in_automation,2,I felt confident in the AI assistant's judgments.,4,2026-03-22T23:29:00
P-8AC45279,authority,trust_in_automation,3,The AI assistant was competent at the task.,3,2026-03-22T23:29:00
P-8AC45279,authority,trust_in_automation,4,I could depend on the AI assistant.,5,2026-03-22T23:29:00
P-8AC45279,authority,trust_in_automation,5,The AI assistant was predictable.,4,2026-03-22T23:29:00
P-8AC45279,authority,trust_in_automation,6,I was suspicious of the AI assistant's recommendations.,3,2026-03-22T23:29:00
P-54DFF547,authority,trust_in_automation,0,The AI assistant was reliable.,4,2026-03-15T21:52:00
P-54DFF547,authority,trust_in_automation,1,I could trust the AI assistant's recommendations.,4,2026-03-15T21:52:00
P-54DFF547,authority,trust_in_automation,2,I felt confident in the AI assistant's judgments.,5,2026-03-15T21:52:00
P-54DFF547,authority,trust_in_automation,3,The AI assistant was competent at the task.,3,2026-03-15T21:52:00
P-54DFF547,authority,trust_in_automation,4,I could depend on the AI assistant.,5,2026-03-15T21:52:00
P-54DFF547,authority,trust_in_automation,5,The AI assistant was predictable.,4,2026-03-15T21:52:00
P-54DFF547,authority,trust_in_automation,6,I was suspicious of the AI assistant's recommendations.,2,2026-03-15T21:52:00
P-0CDD137F,authority,trust_in_automation,0,The AI assistant was reliable.,4,2026-03-21T05:42:00
P-0CDD137F,authority,trust_in_automation,1,I could trust the AI assistant's recommendations.,2,2026-03-21T05:42:00
P-0CDD137F,authority,trust_in_automation,2,I felt confident in the AI assistant's judgments.,3,2026-03-21T05:42:00
P-0CDD137F,authority,trust_in_automation,3,The AI assistant was competent at the task.,4,2026-03-21T05:42:00
P-0CDD137F,authority,trust_in_automation,4,I could depend on the AI assistant.,3,2026-03-21T05:42:00
P-0CDD137F,authority,trust_in_automation,5,The AI assistant was predictable.,5,2026-03-21T05:42:00
P-0CDD137F,authority,trust_in_automation,6,I was suspicious of the AI assistant's recommendations.,3,2026-03-21T05:42:00
P-C2B24AF4,authority,trust_in_automation,0,The AI assistant was reliable.,4,2026-03-17T01:22:00
P-C2B24AF4,authority,trust_in_automation,1,I could trust the AI assistant's recommendations.,5,2026-03-17T01:22:00
P-C2B24AF4,authority,trust_in_automation,2,I felt confident in the AI assistant's judgments.,3,2026-03-17T01:22:00
P-C2B24AF4,authority,trust_in_automation,3,The AI assistant was competent at the task.,3,2026-03-17T01:22:00
P-C2B24AF4,authority,trust_in_automation,4,I could depend on the AI assistant.,4,2026-03-17T01:22:00
P-C2B24AF4,authority,trust_in_automation,5,The AI assistant was predictable.,3,2026-03-17T01:22:00
P-C2B24AF4,authority,trust_in_automation,6,I was suspicious of the AI assistant's recommendations.,2,2026-03-17T01:22:00
P-246FECBB,authority,trust_in_automation,0,The AI assistant was reliable.,3,2026-03-22T01:14:00
P-246FECBB,authority,trust_in_automation,1,I could trust the AI assistant's recommendations.,3,2026-03-22T01:14:00
P-246FECBB,authority,trust_in_automation,2,I felt confident in the AI assistant's judgments.,3,2026-03-22T01:14:00
P-246FECBB,authority,trust_in_automation,3,The AI assistant was competent at the task.,4,2026-03-22T01:14:00
P-246FECBB,authority,trust_in_automation,4,I could depend on the AI assistant.,3,2026-03-22T01:14:00
P-246FECBB,authority,trust_in_automation,5,The AI assistant was predictable.,4,2026-03-22T01:14:00
P-246FECBB,authority,trust_in_automation,6,I was suspicious of the AI assistant's recommendations.,4,2026-03-22T01:14:00
P-B1BACA01,authority,trust_in_automation,0,The AI assistant was reliable.,3,2026-03-16T16:12:00
P-B1BACA01,authority,trust_in_automation,1,I could trust the AI assistant's recommendations.,3,2026-03-16T16:12:00
P-B1BACA01,authority,trust_in_automation,2,I felt confident in the AI assistant's judgments.,3,2026-03-16T16:12:00
P-B1BACA01,authority,trust_in_automation,3,The AI assistant was competent at the task.,3,2026-03-16T16:12:00
P-B1BACA01,authority,trust_in_automation,4,I could depend on the AI assistant.,5,2026-03-16T16:12:00
P-B1BACA01,authority,trust_in_automation,5,The AI assistant was predictable.,4,2026-03-16T16:12:00
P-B1BACA01,authority,trust_in_automation,6,I was suspicious of the AI assistant's recommendations.,3,2026-03-16T16:12:00
P-4264F01F,authority,trust_in_automation,0,The AI assistant was reliable.,3,2026-03-15T13:16:00
P-4264F01F,authority,trust_in_automation,1,I could trust the AI assistant's recommendations.,5,2026-03-15T13:16:00
P-4264F01F,authority,trust_in_automation,2,I felt confident in the AI assistant's judgments.,3,2026-03-15T13:16:00
P-4264F01F,authority,trust_in_automation,3,The AI assistant was competent at the task.,4,2026-03-15T13:16:00
P-4264F01F,authority,trust_in_automation,4,I could depend on the AI assistant.,3,2026-03-15T13:16:00
P-4264F01F,authority,trust_in_automation,5,The AI assistant was predictable.,5,2026-03-15T13:16:00
P-4264F01F,authority,trust_in_automation,6,I was suspicious of the AI assistant's recommendations.,3,2026-03-15T13:16:00
P-C25C046C,authority,trust_in_automation,0,The AI assistant was reliable.,2,2026-03-20T06:52:00
P-C25C046C,authority,trust_in_automation,1,I could trust the AI assistant's recommendations.,3,2026-03-20T06:52:00
P-C25C046C,authority,trust_in_automation,2,I felt confident in the AI assistant's judgments.,3,2026-03-20T06:52:00
P-C25C046C,authority,trust_in_automation,3,The AI assistant was competent at the task.,5,2026-03-20T06:52:00
P-C25C046C,authority,trust_in_automation,4,I could depend on the AI assistant.,3,2026-03-20T06:52:00
P-C25C046C,authority,trust_in_automation,5,The AI assistant was predictable.,3,2026-03-20T06:52:00
P-C25C046C,authority,trust_in_automation,6,I was suspicious of the AI assistant's recommendations.,2,2026-03-20T06:52:00
P-FDD08DEB,authority,trust_in_automation,0,The AI assistant was reliable.,3,2026-03-17T19:08:00
P-FDD08DEB,authority,trust_in_automation,1,I could trust the AI assistant's recommendations.,3,2026-03-17T19:08:00
P-FDD08DEB,authority,trust_in_automation,2,I felt confident in the AI assistant's judgments.,4,2026-03-17T19:08:00
P-FDD08DEB,authority,trust_in_automation,3,The AI assistant was competent at the task.,3,2026-03-17T19:08:00
P-FDD08DEB,authority,trust_in_automation,4,I could depend on the AI assistant.,4,2026-03-17T19:08:00
P-FDD08DEB,authority,trust_in_automation,5,The AI assistant was predictable.,3,2026-03-17T19:08:00
P-FDD08DEB,authority,trust_in_automation,6,I was suspicious of the AI assistant's recommendations.,1,2026-03-17T19:08:00
P-8FBB70FC,authority,trust_in_automation,0,The AI assistant was reliable.,4,2026-03-18T02:04:00
P-8FBB70FC,authority,trust_in_automation,1,I could trust the AI assistant's recommendations.,3,2026-03-18T02:04:00
P-8FBB70FC,authority,trust_in_automation,2,I felt confident in the AI assistant's judgments.,3,2026-03-18T02:04:00
P-8FBB70FC,authority,trust_in_automation,3,The AI assistant was competent at the task.,3,2026-03-18T02:04:00
P-8FBB70FC,authority,trust_in_automation,4,I could depend on the AI assistant.,3,2026-03-18T02:04:00
P-8FBB70FC,authority,trust_in_automation,5,The AI assistant was predictable.,2,2026-03-18T02:04:00
P-8FBB70FC,authority,trust_in_automation,6,I was suspicious of the AI assistant's recommendations.,2,2026-03-18T02:04:00
P-80AE262C,authority,trust_in_automation,0,The AI assistant was reliable.,5,2026-03-19T04:31:00
P-80AE262C,authority,trust_in_automation,1,I could trust the AI assistant's recommendations.,3,2026-03-19T04:31:00
P-80AE262C,authority,trust_in_automation,2,I felt confident in the AI assistant's judgments.,3,2026-03-19T04:31:00
P-80AE262C,authority,trust_in_automation,3,The AI assistant was competent at the task.,3,2026-03-19T04:31:00
P-80AE262C,authority,trust_in_automation,4,I could depend on the AI assistant.,3,2026-03-19T04:31:00
P-80AE262C,authority,trust_in_automation,5,The AI assistant was predictable.,4,2026-03-19T04:31:00
P-80AE262C,authority,trust_in_automation,6,I was suspicious of the AI assistant's recommendations.,2,2026-03-19T04:31:00
P-58107812,authority,trust_in_automation,0,The AI assistant was reliable.,4,2026-03-17T14:55:00
P-58107812,authority,trust_in_automation,1,I could trust the AI assistant's recommendations.,3,2026-03-17T14:55:00
P-58107812,authority,trust_in_automation,2,I felt confident in the AI assistant's judgments.,3,2026-03-17T14:55:00
P-58107812,authority,trust_in_automation,3,The AI assistant was competent at the task.,5,2026-03-17T14:55:00
P-58107812,authority,trust_in_automation,4,I could depend on the AI assistant.,4,2026-03-17T14:55:00
P-58107812,authority,trust_in_automation,5,The AI assistant was predictable.,5,2026-03-17T14:55:00
P-58107812,authority,trust_in_automation,6,I was suspicious of the AI assistant's recommendations.,4,2026-03-17T14:55:00
P-AD2754D5,authority,trust_in_automation,0,The AI assistant was reliable.,3,2026-03-25T02:36:00
P-AD2754D5,authority,trust_in_automation,1,I could trust the AI assistant's recommendations.,2,2026-03-25T02:36:00
P-AD2754D5,authority,trust_in_automation,2,I felt confident in the AI assistant's judgments.,3,2026-03-25T02:36:00
P-AD2754D5,authority,trust_in_automation,3,The AI assistant was competent at the task.,4,2026-03-25T02:36:00
P-AD2754D5,authority,trust_in_automation,4,I could depend on the AI assistant.,3,2026-03-25T02:36:00
P-AD2754D5,authority,trust_in_automation,5,The AI assistant was predictable.,4,2026-03-25T02:36:00
P-AD2754D5,authority,trust_in_automation,6,I was suspicious of the AI assistant's recommendations.,3,2026-03-25T02:36:00
P-E8275737,authority,trust_in_automation,0,The AI assistant was reliable.,3,2026-03-24T09:01:00
P-E8275737,authority,trust_in_automation,1,I could trust the AI assistant's recommendations.,3,2026-03-24T09:01:00
P-E8275737,authority,trust_in_automation,2,I felt confident in the AI assistant's judgments.,5,2026-03-24T09:01:00
P-E8275737,authority,trust_in_automation,3,The AI assistant was competent at the task.,3,2026-03-24T09:01:00
P-E8275737,authority,trust_in_automation,4,I could depend on the AI assistant.,4,2026-03-24T09:01:00
P-E8275737,authority,trust_in_automation,5,The AI assistant was predictable.,4,2026-03-24T09:01:00
P-E8275737,authority,trust_in_automation,6,I was suspicious of the AI assistant's recommendations.,2,2026-03-24T09:01:00
P-1B94670A,authority,trust_in_automation,0,The AI assistant was reliable.,4,2026-03-25T05:22:00
P-1B94670A,authority,trust_in_automation,1,I could trust the AI assistant's recommendations.,3,2026-03-25T05:22:00
P-1B94670A,authority,trust_in_automation,2,I felt confident in the AI assistant's judgments.,4,2026-03-25T05:22:00
P-1B94670A,authority,trust_in_automation,3,The AI assistant was competent at the task.,2,2026-03-25T05:22:00
P-1B94670A,authority,trust_in_automation,4,I could depend on the AI assistant.,3,2026-03-25T05:22:00
P-1B94670A,authority,trust_in_automation,5,The AI assistant was predictable.,4,2026-03-25T05:22:00
P-1B94670A,authority,trust_in_automation,6,I was suspicious of the AI assistant's recommendations.,3,2026-03-25T05:22:00
P-86016421,authority,trust_in_automation,0,The AI assistant was reliable.,4,2026-03-15T20:14:00
P-86016421,authority,trust_in_automation,1,I could trust the AI assistant's recommendations.,2,2026-03-15T20:14:00
P-86016421,authority,trust_in_automation,2,I felt confident in the AI assistant's judgments.,4,2026-03-15T20:14:00
P-86016421,authority,trust_in_automation,3,The AI assistant was competent at the task.,5,2026-03-15T20:14:00
P-86016421,authority,trust_in_automation,4,I could depend on the AI assistant.,3,2026-03-15T20:14:00
P-86016421,authority,trust_in_automation,5,The AI assistant was predictable.,4,2026-03-15T20:14:00
P-86016421,authority,trust_in_automation,6,I was suspicious of the AI assistant's recommendations.,3,2026-03-15T20:14:00
P-6679C115,authority,trust_in_automation,0,The AI assistant was reliable.,5,2026-03-21T01:09:00
P-6679C115,authority,trust_in_automation,1,I could trust the AI assistant's recommendations.,4,2026-03-21T01:09:00
P-6679C115,authority,trust_in_automation,2,I felt confident in the AI assistant's judgments.,4,2026-03-21T01:09:00
P-6679C115,authority,trust_in_automation,3,The AI assistant was competent at the task.,5,2026-03-21T01:09:00
P-6679C115,authority,trust_in_automation,4,I could depend on the AI assistant.,4,2026-03-21T01:09:00
P-6679C115,authority,trust_in_automation,5,The AI assistant was predictable.,3,2026-03-21T01:09:00
P-6679C115,authority,trust_in_automation,6,I was suspicious of the AI assistant's recommendations.,4,2026-03-21T01:09:00
P-5E6A07CA,authority,trust_in_automation,0,The AI assistant was reliable.,4,2026-03-16T00:47:00
P-5E6A07CA,authority,trust_in_automation,1,I could trust the AI assistant's recommendations.,3,2026-03-16T00:47:00
P-5E6A07CA,authority,trust_in_automation,2,I felt confident in the AI assistant's judgments.,3,2026-03-16T00:47:00
P-5E6A07CA,authority,trust_in_automation,3,The AI assistant was competent at the task.,4,2026-03-16T00:47:00
P-5E6A07CA,authority,trust_in_automation,4,I could depend on the AI assistant.,5,2026-03-16T00:47:00
P-5E6A07CA,authority,trust_in_automation,5,The AI assistant was predictable.,3,2026-03-16T00:47:00
P-5E6A07CA,authority,trust_in_automation,6,I was suspicious of the AI assistant's recommendations.,3,2026-03-16T00:47:00
P-A74CEB21,authority,trust_in_automation,0,The AI assistant was reliable.,3,2026-03-19T16:35:00
P-A74CEB21,authority,trust_in_automation,1,I could trust the AI assistant's recommendations.,3,2026-03-19T16:35:00
P-A74CEB21,authority,trust_in_automation,2,I felt confident in the AI assistant's judgments.,4,2026-03-19T16:35:00
P-A74CEB21,authority,trust_in_automation,3,The AI assistant was competent at the task.,4,2026-03-19T16:35:00
P-A74CEB21,authority,trust_in_automation,4,I could depend on the AI assistant.,4,2026-03-19T16:35:00
P-A74CEB21,authority,trust_in_automation,5,The AI assistant was predictable.,4,2026-03-19T16:35:00
P-A74CEB21,authority,trust_in_automation,6,I was suspicious of the AI assistant's recommendations.,4,2026-03-19T16:35:00
P-147F0C79,authority,trust_in_automation,0,The AI assistant was reliable.,3,2026-03-22T17:46:00
P-147F0C79,authority,trust_in_automation,1,I could trust the AI assistant's recommendations.,4,2026-03-22T17:46:00
P-147F0C79,authority,trust_in_automation,2,I felt confident in the AI assistant's judgments.,3,2026-03-22T17:46:00
P-147F0C79,authority,trust_in_automation,3,The AI assistant was competent at the task.,2,2026-03-22T17:46:00
P-147F0C79,authority,trust_in_automation,4,I could depend on the AI assistant.,3,2026-03-22T17:46:00
P-147F0C79,authority,trust_in_automation,5,The AI assistant was predictable.,4,2026-03-22T17:46:00
P-147F0C79,authority,trust_in_automation,6,I was suspicious of the AI assistant's recommendations.,2,2026-03-22T17:46:00
P-E87F0DC2,authority,trust_in_automation,0,The AI assistant was reliable.,4,2026-03-16T14:57:00
P-E87F0DC2,authority,trust_in_automation,1,I could trust the AI assistant's recommendations.,3,2026-03-16T14:57:00
P-E87F0DC2,authority,trust_in_automation,2,I felt confident in the AI assistant's judgments.,3,2026-03-16T14:57:00
P-E87F0DC2,authority,trust_in_automation,3,The AI assistant was competent at the task.,4,2026-03-16T14:57:00
P-E87F0DC2,authority,trust_in_automation,4,I could depend on the AI assistant.,3,2026-03-16T14:57:00
P-E87F0DC2,authority,trust_in_automation,5,The AI assistant was predictable.,4,2026-03-16T14:57:00
P-E87F0DC2,authority,trust_in_automation,6,I was suspicious of the AI assistant's recommendations.,3,2026-03-16T14:57:00
P-B2CFC1DA,authority,trust_in_automation,0,The AI assistant was reliable.,5,2026-03-17T02:49:00
P-B2CFC1DA,authority,trust_in_automation,1,I could trust the AI assistant's recommendations.,3,2026-03-17T02:49:00
P-B2CFC1DA,authority,trust_in_automation,2,I felt confident in the AI assistant's judgments.,5,2026-03-17T02:49:00
P-B2CFC1DA,authority,trust_in_automation,3,The AI assistant was competent at the task.,3,2026-03-17T02:49:00
P-B2CFC1DA,authority,trust_in_automation,4,I could depend on the AI assistant.,4,2026-03-17T02:49:00
P-B2CFC1DA,authority,trust_in_automation,5,The AI assistant was predictable.,4,2026-03-17T02:49:00
P-B2CFC1DA,authority,trust_in_automation,6,I was suspicious of the AI assistant's recommendations.,2,2026-03-17T02:49:00
P-4DD8C9DD,authority,trust_in_automation,0,The AI assistant was reliable.,3,2026-03-18T15:19:00
P-4DD8C9DD,authority,trust_in_automation,1,I could trust the AI assistant's recommendations.,4,2026-03-18T15:19:00
P-4DD8C9DD,authority,trust_in_automation,2,I felt confident in the AI assistant's judgments.,5,2026-03-18T15:19:00
P-4DD8C9DD,authority,trust_in_automation,3,The AI assistant was competent at the task.,4,2026-03-18T15:19:00
P-4DD8C9DD,authority,trust_in_automation,4,I could depend on the AI assistant.,4,2026-03-18T15:19:00
P-4DD8C9DD,authority,trust_in_automation,5,The AI assistant was predictable.,3,2026-03-18T15:19:00
P-4DD8C9DD,authority,trust_in_automation,6,I was suspicious of the AI assistant's recommendations.,2,2026-03-18T15:19:00
P-4624F32A,authority,trust_in_automation,0,The AI assistant was reliable.,4,2026-03-15T18:52:00
P-4624F32A,authority,trust_in_automation,1,I could trust the AI assistant's recommendations.,4,2026-03-15T18:52:00
P-4624F32A,authority,trust_in_automation,2,I felt confident in the AI assistant's judgments.,3,2026-03-15T18:52:00
P-4624F32A,authority,trust_in_automation,3,The AI assistant was competent at the task.,4,2026-03-15T18:52:00
P-4624F32A,authority,trust_in_automation,4,I could depend on the AI assistant.,2,2026-03-15T18:52:00
P-4624F32A,authority,trust_in_automation,5,The AI assistant was predictable.,3,2026-03-15T18:52:00
P-4624F32A,authority,trust_in_automation,6,I was suspicious of the AI assistant's recommendations.,3,2026-03-15T18:52:00
P-97B5512C,authority,trust_in_automation,0,The AI assistant was reliable.,4,2026-03-19T21:17:00
P-97B5512C,authority,trust_in_automation,1,I could trust the AI assistant's recommendations.,2,2026-03-19T21:17:00
P-97B5512C,authority,trust_in_automation,2,I felt confident in the AI assistant's judgments.,3,2026-03-19T21:17:00
P-97B5512C,authority,trust_in_automation,3,The AI assistant was competent at the task.,4,2026-03-19T21:17:00
P-97B5512C,authority,trust_in_automation,4,I could depend on the AI assistant.,3,2026-03-19T21:17:00
P-97B5512C,authority,trust_in_automation,5,The AI assistant was predictable.,2,2026-03-19T21:17:00
P-97B5512C,authority,trust_in_automation,6,I was suspicious of the AI assistant's recommendations.,2,2026-03-19T21:17:00
P-0D3C5BE1,authority,trust_in_automation,0,The AI assistant was reliable.,3,2026-03-21T00:51:00
P-0D3C5BE1,authority,trust_in_automation,1,I could trust the AI assistant's recommendations.,3,2026-03-21T00:51:00
P-0D3C5BE1,authority,trust_in_automation,2,I felt confident in the AI assistant's judgments.,2,2026-03-21T00:51:00
P-0D3C5BE1,authority,trust_in_automation,3,The AI assistant was competent at the task.,3,2026-03-21T00:51:00
P-0D3C5BE1,authority,trust_in_automation,4,I could depend on the AI assistant.,4,2026-03-21T00:51:00
P-0D3C5BE1,authority,trust_in_automation,5,The AI assistant was predictable.,4,2026-03-21T00:51:00
P-0D3C5BE1,authority,trust_in_automation,6,I was suspicious of the AI assistant's recommendations.,3,2026-03-21T00:51:00
P-D33D6448,humanlike_calibrated,trust_in_automation,0,The AI assistant was reliable.,2,2026-03-23T19:41:00
P-D33D6448,humanlike_calibrated,trust_in_automation,1,I could trust the AI assistant's recommendations.,4,2026-03-23T19:41:00
P-D33D6448,humanlike_calibrated,trust_in_automation,2,I felt confident in the AI assistant's judgments.,2,2026-03-23T19:41:00
P-D33D6448,humanlike_calibrated,trust_in_automation,3,The AI assistant was competent at the task.,2,2026-03-23T19:41:00
P-D33D6448,humanlike_calibrated,trust_in_automation,4,I could depend on the AI assistant.,3,2026-03-23T19:41:00
P-D33D6448,humanlike_calibrated,trust_in_automation,5,The AI assistant was predictable.,2,2026-03-23T19:41:00
P-D33D6448,humanlike_calibrated,trust_in_automation,6,I was suspicious of the AI assistant's recommendations.,5,2026-03-23T19:41:00
P-D840446C,humanlike_calibrated,trust_in_automation,0,The AI assistant was reliable.,3,2026-03-20T09:42:00
P-D840446C,humanlike_calibrated,trust_in_automation,1,I could trust the AI assistant's recommendations.,3,2026-03-20T09:42:00
P-D840446C,humanlike_calibrated,trust_in_automation,2,I felt confident in the AI assistant's judgments.,3,2026-03-20T09:42:00
P-D840446C,humanlike_calibrated,trust_in_automation,3,The AI assistant was competent at the task.,3,2026-03-20T09:42:00
P-D840446C,humanlike_calibrated,trust_in_automation,4,I could depend on the AI assistant.,3,2026-03-20T09:42:00
P-D840446C,humanlike_calibrated,trust_in_automation,5,The AI assistant was predictable.,4,2026-03-20T09:42:00
P-D840446C,humanlike_calibrated,trust_in_automation,6,I was suspicious of the AI assistant's recommendations.,3,2026-03-20T09:42:00
P-2A245231,humanlike_calibrated,trust_in_automation,0,The AI assistant was reliable.,3,2026-03-23T21:50:00
P-2A245231,humanlike_calibrated,trust_in_automation,1,I could trust the AI assistant's recommendations.,3,2026-03-23T21:50:00
P-2A245231,humanlike_calibrated,trust_in_automation,2,I felt confident in the AI assistant's judgments.,3,2026-03-23T21:50:00
P-2A245231,humanlike_calibrated,trust_in_automation,3,The AI assistant was competent at the task.,3,2026-03-23T21:50:00
P-2A245231,humanlike_calibrated,trust_in_automation,4,I could depend on the AI assistant.,3,2026-03-23T21:50:00
P-2A245231,humanlike_calibrated,trust_in_automation,5,The AI assistant was predictable.,3,2026-03-23T21:50:00
P-2A245231,humanlike_calibrated,trust_in_automation,6,I was suspicious of the AI assistant's recommendations.,2,2026-03-23T21:50:00
P-71232705,humanlike_calibrated,trust_in_automation,0,The AI assistant was reliable.,4,2026-03-16T08:13:00
P-71232705,humanlike_calibrated,trust_in_automation,1,I could trust the AI assistant's recommendations.,3,2026-03-16T08:13:00
P-71232705,humanlike_calibrated,trust_in_automation,2,I felt confident in the AI assistant's judgments.,4,2026-03-16T08:13:00
P-71232705,humanlike_calibrated,trust_in_automation,3,The AI assistant was competent at the task.,4,2026-03-16T08:13:00
P-71232705,humanlike_calibrated,trust_in_automation,4,I could depend on the AI assistant.,2,2026-03-16T08:13:00
P-71232705,humanlike_calibrated,trust_in_automation,5,The AI assistant was predictable.,4,2026-03-16T08:13:00
P-71232705,humanlike_calibrated,trust_in_automation,6,I was suspicious of the AI assistant's recommendations.,3,2026-03-16T08:13:00
P-E6A20691,humanlike_calibrated,trust_in_automation,0,The AI assistant was reliable.,2,2026-03-20T03:18:00
P-E6A20691,humanlike_calibrated,trust_in_automation,1,I could trust the AI assistant's recommendations.,3,2026-03-20T03:18:00
P-E6A20691,humanlike_calibrated,trust_in_automation,2,I felt confident in the AI assistant's judgments.,4,2026-03-20T03:18:00
P-E6A20691,humanlike_calibrated,trust_in_automation,3,The AI assistant was competent at the task.,3,2026-03-20T03:18:00
P-E6A20691,humanlike_calibrated,trust_in_automation,4,I could depend on the AI assistant.,2,2026-03-20T03:18:00
P-E6A20691,humanlike_calibrated,trust_in_automation,5,The AI assistant was predictable.,3,2026-03-20T03:18:00
P-E6A20691,humanlike_calibrated,trust_in_automation,6,I was suspicious of the AI assistant's recommendations.,3,2026-03-20T03:18:00
P-FB00DF39,humanlike_calibrated,trust_in_automation,0,The AI assistant was reliable.,4,2026-03-25T06:00:00
P-FB00DF39,humanlike_calibrated,trust_in_automation,1,I could trust the AI assistant's recommendations.,3,2026-03-25T06:00:00
P-FB00DF39,humanlike_calibrated,trust_in_automation,2,I felt confident in the AI assistant's judgments.,3,2026-03-25T06:00:00
P-FB00DF39,humanlike_calibrated,trust_in_automation,3,The AI assistant was competent at the task.,4,2026-03-25T06:00:00
P-FB00DF39,humanlike_calibrated,trust_in_automation,4,I could depend on the AI assistant.,3,2026-03-25T06:00:00
P-FB00DF39,humanlike_calibrated,trust_in_automation,5,The AI assistant was predictable.,3,2026-03-25T06:00:00
P-FB00DF39,humanlike_calibrated,trust_in_automation,6,I was suspicious of the AI assistant's recommendations.,2,2026-03-25T06:00:00
P-CF32147E,humanlike_calibrated,trust_in_automation,0,The AI assistant was reliable.,2,2026-03-15T15:43:00
P-CF32147E,humanlike_calibrated,trust_in_automation,1,I could trust the AI assistant's recommendations.,3,2026-03-15T15:43:00
P-CF32147E,humanlike_calibrated,trust_in_automation,2,I felt confident in the AI assistant's judgments.,2,2026-03-15T15:43:00
P-CF32147E,humanlike_calibrated,trust_in_automation,3,The AI assistant was competent at the task.,4,2026-03-15T15:43:00
P-CF32147E,humanlike_calibrated,trust_in_automation,4,I could depend on the AI assistant.,2,2026-03-15T15:43:00
P-CF32147E,humanlike_calibrated,trust_in_automation,5,The AI assistant was predictable.,3,2026-03-15T15:43:00
P-CF32147E,humanlike_calibrated,trust_in_automation,6,I was suspicious of the AI assistant's recommendations.,3,2026-03-15T15:43:00
P-FFC9D9D7,humanlike_calibrated,trust_in_automation,0,The AI assistant was reliable.,2,2026-03-18T21:52:00
P-FFC9D9D7,humanlike_calibrated,trust_in_automation,1,I could trust the AI assistant's recommendations.,3,2026-03-18T21:52:00
P-FFC9D9D7,humanlike_calibrated,trust_in_automation,2,I felt confident in the AI assistant's judgments.,3,2026-03-18T21:52:00
P-FFC9D9D7,humanlike_calibrated,trust_in_automation,3,The AI assistant was competent at the task.,3,2026-03-18T21:52:00
P-FFC9D9D7,humanlike_calibrated,trust_in_automation,4,I could depend on the AI assistant.,3,2026-03-18T21:52:00
P-FFC9D9D7,humanlike_calibrated,trust_in_automation,5,The AI assistant was predictable.,2,2026-03-18T21:52:00
P-FFC9D9D7,humanlike_calibrated,trust_in_automation,6,I was suspicious of the AI assistant's recommendations.,3,2026-03-18T21:52:00
P-0E92CFA9,humanlike_calibrated,trust_in_automation,0,The AI assistant was reliable.,3,2026-03-17T02:27:00
P-0E92CFA9,humanlike_calibrated,trust_in_automation,1,I could trust the AI assistant's recommendations.,4,2026-03-17T02:27:00
P-0E92CFA9,humanlike_calibrated,trust_in_automation,2,I felt confident in the AI assistant's judgments.,4,2026-03-17T02:27:00
P-0E92CFA9,humanlike_calibrated,trust_in_automation,3,The AI assistant was competent at the task.,4,2026-03-17T02:27:00
P-0E92CFA9,humanlike_calibrated,trust_in_automation,4,I could depend on the AI assistant.,3,2026-03-17T02:27:00
P-0E92CFA9,humanlike_calibrated,trust_in_automation,5,The AI assistant was predictable.,2,2026-03-17T02:27:00
P-0E92CFA9,humanlike_calibrated,trust_in_automation,6,I was suspicious of the AI assistant's recommendations.,1,2026-03-17T02:27:00
P-F80D4423,humanlike_calibrated,trust_in_automation,0,The AI assistant was reliable.,4,2026-03-23T22:28:00
P-F80D4423,humanlike_calibrated,trust_in_automation,1,I could trust the AI assistant's recommendations.,2,2026-03-23T22:28:00
P-F80D4423,humanlike_calibrated,trust_in_automation,2,I felt confident in the AI assistant's judgments.,3,2026-03-23T22:28:00
P-F80D4423,humanlike_calibrated,trust_in_automation,3,The AI assistant was competent at the task.,2,2026-03-23T22:28:00
P-F80D4423,humanlike_calibrated,trust_in_automation,4,I could depend on the AI assistant.,3,2026-03-23T22:28:00
P-F80D4423,humanlike_calibrated,trust_in_automation,5,The AI assistant was predictable.,4,2026-03-23T22:28:00
P-F80D4423,humanlike_calibrated,trust_in_automation,6,I was suspicious of the AI assistant's recommendations.,3,2026-03-23T22:28:00
P-E82AD467,humanlike_calibrated,trust_in_automation,0,The AI assistant was reliable.,3,2026-03-22T12:44:00
P-E82AD467,humanlike_calibrated,trust_in_automation,1,I could trust the AI assistant's recommendations.,3,2026-03-22T12:44:00
P-E82AD467,humanlike_calibrated,trust_in_automation,2,I felt confident in the AI assistant's judgments.,3,2026-03-22T12:44:00
P-E82AD467,humanlike_calibrated,trust_in_automation,3,The AI assistant was competent at the task.,2,2026-03-22T12:44:00
P-E82AD467,humanlike_calibrated,trust_in_automation,4,I could depend on the AI assistant.,3,2026-03-22T12:44:00
P-E82AD467,humanlike_calibrated,trust_in_automation,5,The AI assistant was predictable.,2,2026-03-22T12:44:00
P-E82AD467,humanlike_calibrated,trust_in_automation,6,I was suspicious of the AI assistant's recommendations.,4,2026-03-22T12:44:00
P-2B696E0D,humanlike_calibrated,trust_in_automation,0,The AI assistant was reliable.,4,2026-03-23T22:45:00
P-2B696E0D,humanlike_calibrated,trust_in_automation,1,I could trust the AI assistant's recommendations.,2,2026-03-23T22:45:00
P-2B696E0D,humanlike_calibrated,trust_in_automation,2,I felt confident in the AI assistant's judgments.,4,2026-03-23T22:45:00
P-2B696E0D,humanlike_calibrated,trust_in_automation,3,The AI assistant was competent at the task.,4,2026-03-23T22:45:00
P-2B696E0D,humanlike_calibrated,trust_in_automation,4,I could depend on the AI assistant.,3,2026-03-23T22:45:00
P-2B696E0D,humanlike_calibrated,trust_in_automation,5,The AI assistant was predictable.,2,2026-03-23T22:45:00
P-2B696E0D,humanlike_calibrated,trust_in_automation,6,I was suspicious of the AI assistant's recommendations.,3,2026-03-23T22:45:00
P-8276A441,humanlike_calibrated,trust_in_automation,0,The AI assistant was reliable.,3,2026-03-16T02:45:00
P-8276A441,humanlike_calibrated,trust_in_automation,1,I could trust the AI assistant's recommendations.,4,2026-03-16T02:45:00
P-8276A441,humanlike_calibrated,trust_in_automation,2,I felt confident in the AI assistant's judgments.,3,2026-03-16T02:45:00
P-8276A441,humanlike_calibrated,trust_in_automation,3,The AI assistant was competent at the task.,2,2026-03-16T02:45:00
P-8276A441,humanlike_calibrated,trust_in_automation,4,I could depend on the AI assistant.,2,2026-03-16T02:45:00
P-8276A441,humanlike_calibrated,trust_in_automation,5,The AI assistant was predictable.,2,2026-03-16T02:45:00
P-8276A441,humanlike_calibrated,trust_in_automation,6,I was suspicious of the AI assistant's recommendations.,2,2026-03-16T02:45:00
P-4E5873DE,humanlike_calibrated,trust_in_automation,0,The AI assistant was reliable.,3,2026-03-19T15:40:00
P-4E5873DE,humanlike_calibrated,trust_in_automation,1,I could trust the AI assistant's recommendations.,3,2026-03-19T15:40:00
P-4E5873DE,humanlike_calibrated,trust_in_automation,2,I felt confident in the AI assistant's judgments.,3,2026-03-19T15:40:00
P-4E5873DE,humanlike_calibrated,trust_in_automation,3,The AI assistant was competent at the task.,4,2026-03-19T15:40:00
P-4E5873DE,humanlike_calibrated,trust_in_automation,4,I could depend on the AI assistant.,3,2026-03-19T15:40:00
P-4E5873DE,humanlike_calibrated,trust_in_automation,5,The AI assistant was predictable.,3,2026-03-19T15:40:00
P-4E5873DE,humanlike_calibrated,trust_in_automation,6,I was suspicious of the AI assistant's recommendations.,3,2026-03-19T15:40:00
P-D923C461,humanlike_calibrated,trust_in_automation,0,The AI assistant was reliable.,3,2026-03-21T04:50:00
P-D923C461,humanlike_calibrated,trust_in_automation,1,I could trust the AI assistant's recommendations.,2,2026-03-21T04:50:00
P-D923C461,humanlike_calibrated,trust_in_automation,2,I felt confident in the AI assistant's judgments.,3,2026-03-21T04:50:00
P-D923C461,humanlike_calibrated,trust_in_automation,3,The AI assistant was competent at the task.,2,2026-03-21T04:50:00
P-D923C461,humanlike_calibrated,trust_in_automation,4,I could depend on the AI assistant.,3,2026-03-21T04:50:00
P-D923C461,humanlike_calibrated,trust_in_automation,5,The AI assistant was predictable.,4,2026-03-21T04:50:00
P-D923C461,humanlike_calibrated,trust_in_automation,6,I was suspicious of the AI assistant's recommendations.,2,2026-03-21T04:50:00
P-AEA58742,humanlike_calibrated,trust_in_automation,0,The AI assistant was reliable.,3,2026-03-18T19:22:00
P-AEA58742,humanlike_calibrated,trust_in_automation,1,I could trust the AI assistant's recommendations.,4,2026-03-18T19:22:00
P-AEA58742,humanlike_calibrated,trust_in_automation,2,I felt confident in the AI assistant's judgments.,4,2026-03-18T19:22:00
P-AEA58742,humanlike_calibrated,trust_in_automation,3,The AI assistant was competent at the task.,3,2026-03-18T19:22:00
P-AEA58742,humanlike_calibrated,trust_in_automation,4,I could depend on the AI assistant.,3,2026-03-18T19:22:00
P-AEA58742,humanlike_calibrated,trust_in_automation,5,The AI assistant was predictable.,3,2026-03-18T19:22:00
P-AEA58742,humanlike_calibrated,trust_in_automation,6,I was suspicious of the AI assistant's recommendations.,4,2026-03-18T19:22:00
P-3225E41E,humanlike_calibrated,trust_in_automation,0,The AI assistant was reliable.,3,2026-03-19T14:15:00
P-3225E41E,humanlike_calibrated,trust_in_automation,1,I could trust the AI assistant's recommendations.,3,2026-03-19T14:15:00
P-3225E41E,humanlike_calibrated,trust_in_automation,2,I felt confident in the AI assistant's judgments.,5,2026-03-19T14:15:00
P-3225E41E,humanlike_calibrated,trust_in_automation,3,The AI assistant was competent at the task.,2,2026-03-19T14:15:00
P-3225E41E,humanlike_calibrated,trust_in_automation,4,I could depend on the AI assistant.,3,2026-03-19T14:15:00
P-3225E41E,humanlike_calibrated,trust_in_automation,5,The AI assistant was predictable.,4,2026-03-19T14:15:00
P-3225E41E,humanlike_calibrated,trust_in_automation,6,I was suspicious of the AI assistant's recommendations.,2,2026-03-19T14:15:00
P-66C67268,humanlike_calibrated,trust_in_automation,0,The AI assistant was reliable.,3,2026-03-22T22:11:00
P-66C67268,humanlike_calibrated,trust_in_automation,1,I could trust the AI assistant's recommendations.,4,2026-03-22T22:11:00
P-66C67268,humanlike_calibrated,trust_in_automation,2,I felt confident in the AI assistant's judgments.,2,2026-03-22T22:11:00
P-66C67268,humanlike_calibrated,trust_in_automation,3,The AI assistant was competent at the task.,5,2026-03-22T22:11:00
P-66C67268,humanlike_calibrated,trust_in_automation,4,I could depend on the AI assistant.,2,2026-03-22T22:11:00
P-66C67268,humanlike_calibrated,trust_in_automation,5,The AI assistant was predictable.,1,2026-03-22T22:11:00
P-66C67268,humanlike_calibrated,trust_in_automation,6,I was suspicious of the AI assistant's recommendations.,5,2026-03-22T22:11:00
P-590D4818,humanlike_calibrated,trust_in_automation,0,The AI assistant was reliable.,2,2026-03-15T10:22:00
P-590D4818,humanlike_calibrated,trust_in_automation,1,I could trust the AI assistant's recommendations.,3,2026-03-15T10:22:00
P-590D4818,humanlike_calibrated,trust_in_automation,2,I felt confident in the AI assistant's judgments.,4,2026-03-15T10:22:00
P-590D4818,humanlike_calibrated,trust_in_automation,3,The AI assistant was competent at the task.,4,2026-03-15T10:22:00
P-590D4818,humanlike_calibrated,trust_in_automation,4,I could depend on the AI assistant.,3,2026-03-15T10:22:00
P-590D4818,humanlike_calibrated,trust_in_automation,5,The AI assistant was predictable.,1,2026-03-15T10:22:00
P-590D4818,humanlike_calibrated,trust_in_automation,6,I was suspicious of the AI assistant's recommendations.,5,2026-03-15T10:22:00
P-116FDF92,humanlike_calibrated,trust_in_automation,0,The AI assistant was reliable.,3,2026-03-21T18:14:00
P-116FDF92,humanlike_calibrated,trust_in_automation,1,I could trust the AI assistant's recommendations.,3,2026-03-21T18:14:00
P-116FDF92,humanlike_calibrated,trust_in_automation,2,I felt confident in the AI assistant's judgments.,3,2026-03-21T18:14:00
P-116FDF92,humanlike_calibrated,trust_in_automation,3,The AI assistant was competent at the task.,2,2026-03-21T18:14:00
P-116FDF92,humanlike_calibrated,trust_in_automation,4,I could depend on the AI assistant.,2,2026-03-21T18:14:00
P-116FDF92,humanlike_calibrated,trust_in_automation,5,The AI assistant was predictable.,3,2026-03-21T18:14:00
P-116FDF92,humanlike_calibrated,trust_in_automation,6,I was suspicious of the AI assistant's recommendations.,3,2026-03-21T18:14:00
P-C193E874,humanlike_calibrated,trust_in_automation,0,The AI assistant was reliable.,3,2026-03-20T10:18:00
P-C193E874,humanlike_calibrated,trust_in_automation,1,I could trust the AI assistant's recommendations.,3,2026-03-20T10:18:00
P-C193E874,humanlike_calibrated,trust_in_automation,2,I felt confident in the AI assistant's judgments.,1,2026-03-20T10:18:00
P-C193E874,humanlike_calibrated,trust_in_automation,3,The AI assistant was competent at the task.,1,2026-03-20T10:18:00
P-C193E874,humanlike_calibrated,trust_in_automation,4,I could depend on the AI assistant.,4,2026-03-20T10:18:00
P-C193E874,humanlike_calibrated,trust_in_automation,5,The AI assistant was predictable.,3,2026-03-20T10:18:00
P-C193E874,humanlike_calibrated,trust_in_automation,6,I was suspicious of the AI assistant's recommendations.,3,2026-03-20T10:18:00
P-202D26D8,humanlike_calibrated,trust_in_automation,0,The AI assistant was reliable.,5,2026-03-16T08:10:00
P-202D26D8,humanlike_calibrated,trust_in_automation,1,I could trust the AI assistant's recommendations.,3,2026-03-16T08:10:00
P-202D26D8,humanlike_calibrated,trust_in_automation,2,I felt confident in the AI assistant's judgments.,3,2026-03-16T08:10:00
P-202D26D8,humanlike_calibrated,trust_in_automation,3,The AI assistant was competent at the task.,4,2026-03-16T08:10:00
P-202D26D8,humanlike_calibrated,trust_in_automation,4,I could depend on the AI assistant.,2,2026-03-16T08:10:00
P-202D26D8,humanlike_calibrated,trust_in_automation,5,The AI assistant was predictable.,3,2026-03-16T08:10:00
P-202D26D8,humanlike_calibrated,trust_in_automation,6,I was suspicious of the AI assistant's recommendations.,4,2026-03-16T08:10:00
P-D9887F4A,humanlike_calibrated,trust_in_automation,0,The AI assistant was reliable.,3,2026-03-19T18:14:00
P-D9887F4A,humanlike_calibrated,trust_in_automation,1,I could trust the AI assistant's recommendations.,3,2026-03-19T18:14:00
P-D9887F4A,humanlike_calibrated,trust_in_automation,2,I felt confident in the AI assistant's judgments.,3,2026-03-19T18:14:00
P-D9887F4A,humanlike_calibrated,trust_in_automation,3,The AI assistant was competent at the task.,2,2026-03-19T18:14:00
P-D9887F4A,humanlike_calibrated,trust_in_automation,4,I could depend on the AI assistant.,2,2026-03-19T18:14:00
P-D9887F4A,humanlike_calibrated,trust_in_automation,5,The AI assistant was predictable.,2,2026-03-19T18:14:00
P-D9887F4A,humanlike_calibrated,trust_in_automation,6,I was suspicious of the AI assistant's recommendations.,5,2026-03-19T18:14:00
P-AD67F792,humanlike_calibrated,trust_in_automation,0,The AI assistant was reliable.,3,2026-03-16T16:12:00
P-AD67F792,humanlike_calibrated,trust_in_automation,1,I could trust the AI assistant's recommendations.,3,2026-03-16T16:12:00
P-AD67F792,humanlike_calibrated,trust_in_automation,2,I felt confident in the AI assistant's judgments.,3,2026-03-16T16:12:00
P-AD67F792,humanlike_calibrated,trust_in_automation,3,The AI assistant was competent at the task.,1,2026-03-16T16:12:00
P-AD67F792,humanlike_calibrated,trust_in_automation,4,I could depend on the AI assistant.,3,2026-03-16T16:12:00
P-AD67F792,humanlike_calibrated,trust_in_automation,5,The AI assistant was predictable.,3,2026-03-16T16:12:00
P-AD67F792,humanlike_calibrated,trust_in_automation,6,I was suspicious of the AI assistant's recommendations.,2,2026-03-16T16:12:00
P-6E3F68CB,humanlike_calibrated,trust_in_automation,0,The AI assistant was reliable.,2,2026-03-23T07:18:00
P-6E3F68CB,humanlike_calibrated,trust_in_automation,1,I could trust the AI assistant's recommendations.,3,2026-03-23T07:18:00
P-6E3F68CB,humanlike_calibrated,trust_in_automation,2,I felt confident in the AI assistant's judgments.,3,2026-03-23T07:18:00
P-6E3F68CB,humanlike_calibrated,trust_in_automation,3,The AI assistant was competent at the task.,2,2026-03-23T07:18:00
P-6E3F68CB,humanlike_calibrated,trust_in_automation,4,I could depend on the AI assistant.,2,2026-03-23T07:18:00
P-6E3F68CB,humanlike_calibrated,trust_in_automation,5,The AI assistant was predictable.,3,2026-03-23T07:18:00
P-6E3F68CB,humanlike_calibrated,trust_in_automation,6,I was suspicious of the AI assistant's recommendations.,2,2026-03-23T07:18:00
P-7DDE68A5,humanlike_calibrated,trust_in_automation,0,The AI assistant was reliable.,2,2026-03-22T17:04:00
P-7DDE68A5,humanlike_calibrated,trust_in_automation,1,I could trust the AI assistant's recommendations.,2,2026-03-22T17:04:00
P-7DDE68A5,humanlike_calibrated,trust_in_automation,2,I felt confident in the AI assistant's judgments.,4,2026-03-22T17:04:00
P-7DDE68A5,humanlike_calibrated,trust_in_automation,3,The AI assistant was competent at the task.,4,2026-03-22T17:04:00
P-7DDE68A5,humanlike_calibrated,trust_in_automation,4,I could depend on the AI assistant.,3,2026-03-22T17:04:00
P-7DDE68A5,humanlike_calibrated,trust_in_automation,5,The AI assistant was predictable.,2,2026-03-22T17:04:00
P-7DDE68A5,humanlike_calibrated,trust_in_automation,6,I was suspicious of the AI assistant's recommendations.,3,2026-03-22T17:04:00
P-1E90C239,humanlike_calibrated,trust_in_automation,0,The AI assistant was reliable.,3,2026-03-21T21:05:00
P-1E90C239,humanlike_calibrated,trust_in_automation,1,I could trust the AI assistant's recommendations.,2,2026-03-21T21:05:00
P-1E90C239,humanlike_calibrated,trust_in_automation,2,I felt confident in the AI assistant's judgments.,2,2026-03-21T21:05:00
P-1E90C239,humanlike_calibrated,trust_in_automation,3,The AI assistant was competent at the task.,2,2026-03-21T21:05:00
P-1E90C239,humanlike_calibrated,trust_in_automation,4,I could depend on the AI assistant.,2,2026-03-21T21:05:00
P-1E90C239,humanlike_calibrated,trust_in_automation,5,The AI assistant was predictable.,4,2026-03-21T21:05:00
P-1E90C239,humanlike_calibrated,trust_in_automation,6,I was suspicious of the AI assistant's recommendations.,2,2026-03-21T21:05:00
P-B39037A9,humanlike_calibrated,trust_in_automation,0,The AI assistant was reliable.,3,2026-03-22T00:30:00
P-B39037A9,humanlike_calibrated,trust_in_automation,1,I could trust the AI assistant's recommendations.,3,2026-03-22T00:30:00
P-B39037A9,humanlike_calibrated,trust_in_automation,2,I felt confident in the AI assistant's judgments.,3,2026-03-22T00:30:00
P-B39037A9,humanlike_calibrated,trust_in_automation,3,The AI assistant was competent at the task.,2,2026-03-22T00:30:00
P-B39037A9,humanlike_calibrated,trust_in_automation,4,I could depend on the AI assistant.,2,2026-03-22T00:30:00
P-B39037A9,humanlike_calibrated,trust_in_automation,5,The AI assistant was predictable.,3,2026-03-22T00:30:00
P-B39037A9,humanlike_calibrated,trust_in_automation,6,I was suspicious of the AI assistant's recommendations.,4,2026-03-22T00:30:00
P-159B1848,humanlike_calibrated,trust_in_automation,0,The AI assistant was reliable.,4,2026-03-19T04:00:00
P-159B1848,humanlike_calibrated,trust_in_automation,1,I could trust the AI assistant's recommendations.,2,2026-03-19T04:00:00
P-159B1848,humanlike_calibrated,trust_in_automation,2,I felt confident in the AI assistant's judgments.,3,2026-03-19T04:00:00
P-159B1848,humanlike_calibrated,trust_in_automation,3,The AI assistant was competent at the task.,3,2026-03-19T04:00:00
P-159B1848,humanlike_calibrated,trust_in_automation,4,I could depend on the AI assistant.,2,2026-03-19T04:00:00
P-159B1848,humanlike_calibrated,trust_in_automation,5,The AI assistant was predictable.,5,2026-03-19T04:00:00
P-159B1848,humanlike_calibrated,trust_in_automation,6,I was suspicious of the AI assistant's recommendations.,2,2026-03-19T04:00:00
P-EAC69CBE,humanlike_calibrated,trust_in_automation,0,The AI assistant was reliable.,3,2026-03-22T04:05:00
P-EAC69CBE,humanlike_calibrated,trust_in_automation,1,I could trust the AI assistant's recommendations.,3,2026-03-22T04:05:00
P-EAC69CBE,humanlike_calibrated,trust_in_automation,2,I felt confident in the AI assistant's judgments.,1,2026-03-22T04:05:00
P-EAC69CBE,humanlike_calibrated,trust_in_automation,3,The AI assistant was competent at the task.,3,2026-03-22T04:05:00
P-EAC69CBE,humanlike_calibrated,trust_in_automation,4,I could depend on the AI assistant.,3,2026-03-22T04:05:00
P-EAC69CBE,humanlike_calibrated,trust_in_automation,5,The AI assistant was predictable.,4,2026-03-22T04:05:00
P-EAC69CBE,humanlike_calibrated,trust_in_automation,6,I was suspicious of the AI assistant's recommendations.,3,2026-03-22T04:05:00
